PK_id,date,year,month
20200101,1/1/2020,2020,1
20200102,1/2/2020,2020,1
20200103,1/3/2020,2020,1
20200104,1/4/2020,2020,1
20200105,1/5/2020,2020,1
20200106,1/6/2020,2020,1
20200107,1/7/2020,2020,1
20200108,1/8/2020,2020,1
20200109,1/9/2020,2020,1
20200110,1/10/2020,2020,1
20200111,1/11/2020,2020,1
20200112,1/12/2020,2020,1
20200113,1/13/2020,2020,1
20200114,1/14/2020,2020,1
20200115,1/15/2020,2020,1
20200116,1/16/2020,2020,1
20200117,1/17/2020,2020,1
20200118,1/18/2020,2020,1
20200119,1/19/2020,2020,1
20200120,1/20/2020,2020,1
20200121,1/21/2020,2020,1
20200122,1/22/2020,2020,1
20200123,1/23/2020,2020,1
20200124,1/24/2020,2020,1
20200125,1/25/2020,2020,1
20200126,1/26/2020,2020,1
20200127,1/27/2020,2020,1
20200128,1/28/2020,2020,1
20200129,1/29/2020,2020,1
20200130,1/30/2020,2020,1
20200131,1/31/2020,2020,1
20200201,2/1/2020,2020,2
20200202,2/2/2020,2020,2
20200203,2/3/2020,2020,2
20200204,2/4/2020,2020,2
20200205,2/5/2020,2020,2
20200206,2/6/2020,2020,2
20200207,2/7/2020,2020,2
20200208,2/8/2020,2020,2
20200209,2/9/2020,2020,2
20200210,2/10/2020,2020,2
20200211,2/11/2020,2020,2
20200212,2/12/2020,2020,2
20200213,2/13/2020,2020,2
20200214,2/14/2020,2020,2
20200215,2/15/2020,2020,2
20200216,2/16/2020,2020,2
20200217,2/17/2020,2020,2
20200218,2/18/2020,2020,2
20200219,2/19/2020,2020,2
20200220,2/20/2020,2020,2
20200221,2/21/2020,2020,2
20200222,2/22/2020,2020,2
20200223,2/23/2020,2020,2
20200224,2/24/2020,2020,2
20200225,2/25/2020,2020,2
20200226,2/26/2020,2020,2
20200227,2/27/2020,2020,2
20200228,2/28/2020,2020,2
20200229,2/29/2020,2020,2
20200301,3/1/2020,2020,3
20200302,3/2/2020,2020,3
20200303,3/3/2020,2020,3
20200304,3/4/2020,2020,3
20200305,3/5/2020,2020,3
20200306,3/6/2020,2020,3
20200307,3/7/2020,2020,3
20200308,3/8/2020,2020,3
20200309,3/9/2020,2020,3
20200310,3/10/2020,2020,3
20200311,3/11/2020,2020,3
20200312,3/12/2020,2020,3
20200313,3/13/2020,2020,3
20200314,3/14/2020,2020,3
20200315,3/15/2020,2020,3
20200316,3/16/2020,2020,3
20200317,3/17/2020,2020,3
20200318,3/18/2020,2020,3
20200319,3/19/2020,2020,3
20200320,3/20/2020,2020,3
20200321,3/21/2020,2020,3
20200322,3/22/2020,2020,3
20200323,3/23/2020,2020,3
20200324,3/24/2020,2020,3
20200325,3/25/2020,2020,3
20200326,3/26/2020,2020,3
20200327,3/27/2020,2020,3
20200328,3/28/2020,2020,3
20200329,3/29/2020,2020,3
20200330,3/30/2020,2020,3
20200331,3/31/2020,2020,3
20200401,4/1/2020,2020,4
20200402,4/2/2020,2020,4
20200403,4/3/2020,2020,4
20200404,4/4/2020,2020,4
20200405,4/5/2020,2020,4
20200406,4/6/2020,2020,4
20200407,4/7/2020,2020,4
20200408,4/8/2020,2020,4
20200409,4/9/2020,2020,4
20200410,4/10/2020,2020,4
20200411,4/11/2020,2020,4
20200412,4/12/2020,2020,4
20200413,4/13/2020,2020,4
20200414,4/14/2020,2020,4
20200415,4/15/2020,2020,4
20200416,4/16/2020,2020,4
20200417,4/17/2020,2020,4
20200418,4/18/2020,2020,4
20200419,4/19/2020,2020,4
20200420,4/20/2020,2020,4
20200421,4/21/2020,2020,4
20200422,4/22/2020,2020,4
20200423,4/23/2020,2020,4
20200424,4/24/2020,2020,4
20200425,4/25/2020,2020,4
20200426,4/26/2020,2020,4
20200427,4/27/2020,2020,4
20200428,4/28/2020,2020,4
20200429,4/29/2020,2020,4
20200430,4/30/2020,2020,4
20200501,5/1/2020,2020,5
20200502,5/2/2020,2020,5
20200503,5/3/2020,2020,5
20200504,5/4/2020,2020,5
20200505,5/5/2020,2020,5
20200506,5/6/2020,2020,5
20200507,5/7/2020,2020,5
20200508,5/8/2020,2020,5
20200509,5/9/2020,2020,5
20200510,5/10/2020,2020,5
20200511,5/11/2020,2020,5
20200512,5/12/2020,2020,5
20200513,5/13/2020,2020,5
20200514,5/14/2020,2020,5
20200515,5/15/2020,2020,5
20200516,5/16/2020,2020,5
20200517,5/17/2020,2020,5
20200518,5/18/2020,2020,5
20200519,5/19/2020,2020,5
20200520,5/20/2020,2020,5
20200521,5/21/2020,2020,5
20200522,5/22/2020,2020,5
20200523,5/23/2020,2020,5
20200524,5/24/2020,2020,5
20200525,5/25/2020,2020,5
20200526,5/26/2020,2020,5
20200527,5/27/2020,2020,5
20200528,5/28/2020,2020,5
20200529,5/29/2020,2020,5
20200530,5/30/2020,2020,5
20200531,5/31/2020,2020,5
20200601,6/1/2020,2020,6
20200602,6/2/2020,2020,6
20200603,6/3/2020,2020,6
20200604,6/4/2020,2020,6
20200605,6/5/2020,2020,6
20200606,6/6/2020,2020,6
20200607,6/7/2020,2020,6
20200608,6/8/2020,2020,6
20200609,6/9/2020,2020,6
20200610,6/10/2020,2020,6
20200611,6/11/2020,2020,6
20200612,6/12/2020,2020,6
20200613,6/13/2020,2020,6
20200614,6/14/2020,2020,6
20200615,6/15/2020,2020,6
20200616,6/16/2020,2020,6
20200617,6/17/2020,2020,6
20200618,6/18/2020,2020,6
20200619,6/19/2020,2020,6
20200620,6/20/2020,2020,6
20200621,6/21/2020,2020,6
20200622,6/22/2020,2020,6
20200623,6/23/2020,2020,6
20200624,6/24/2020,2020,6
20200625,6/25/2020,2020,6
20200626,6/26/2020,2020,6
20200627,6/27/2020,2020,6
20200628,6/28/2020,2020,6
20200629,6/29/2020,2020,6
20200630,6/30/2020,2020,6
20200701,7/1/2020,2020,7
20200702,7/2/2020,2020,7
20200703,7/3/2020,2020,7
20200704,7/4/2020,2020,7
20200705,7/5/2020,2020,7
20200706,7/6/2020,2020,7
20200707,7/7/2020,2020,7
20200708,7/8/2020,2020,7
20200709,7/9/2020,2020,7
20200710,7/10/2020,2020,7
20200711,7/11/2020,2020,7
20200712,7/12/2020,2020,7
20200713,7/13/2020,2020,7
20200714,7/14/2020,2020,7
20200715,7/15/2020,2020,7
20200716,7/16/2020,2020,7
20200717,7/17/2020,2020,7
20200718,7/18/2020,2020,7
20200719,7/19/2020,2020,7
20200720,7/20/2020,2020,7
20200721,7/21/2020,2020,7
20200722,7/22/2020,2020,7
20200723,7/23/2020,2020,7
20200724,7/24/2020,2020,7
20200725,7/25/2020,2020,7
20200726,7/26/2020,2020,7
20200727,7/27/2020,2020,7
20200728,7/28/2020,2020,7
20200729,7/29/2020,2020,7
20200730,7/30/2020,2020,7
20200731,7/31/2020,2020,7
20200801,8/1/2020,2020,8
20200802,8/2/2020,2020,8
20200803,8/3/2020,2020,8
20200804,8/4/2020,2020,8
20200805,8/5/2020,2020,8
20200806,8/6/2020,2020,8
20200807,8/7/2020,2020,8
20200808,8/8/2020,2020,8
20200809,8/9/2020,2020,8
20200810,8/10/2020,2020,8
20200811,8/11/2020,2020,8
20200812,8/12/2020,2020,8
20200813,8/13/2020,2020,8
20200814,8/14/2020,2020,8
20200815,8/15/2020,2020,8
20200816,8/16/2020,2020,8
20200817,8/17/2020,2020,8
20200818,8/18/2020,2020,8
20200819,8/19/2020,2020,8
20200820,8/20/2020,2020,8
20200821,8/21/2020,2020,8
20200822,8/22/2020,2020,8
20200823,8/23/2020,2020,8
20200824,8/24/2020,2020,8
20200825,8/25/2020,2020,8
20200826,8/26/2020,2020,8
20200827,8/27/2020,2020,8
20200828,8/28/2020,2020,8
20200829,8/29/2020,2020,8
20200830,8/30/2020,2020,8
20200831,8/31/2020,2020,8
20200901,9/1/2020,2020,9
20200902,9/2/2020,2020,9
20200903,9/3/2020,2020,9
20200904,9/4/2020,2020,9
20200905,9/5/2020,2020,9
20200906,9/6/2020,2020,9
20200907,9/7/2020,2020,9
20200908,9/8/2020,2020,9
20200909,9/9/2020,2020,9
20200910,9/10/2020,2020,9
20200911,9/11/2020,2020,9
20200912,9/12/2020,2020,9
20200913,9/13/2020,2020,9
20200914,9/14/2020,2020,9
20200915,9/15/2020,2020,9
20200916,9/16/2020,2020,9
20200917,9/17/2020,2020,9
20200918,9/18/2020,2020,9
20200919,9/19/2020,2020,9
20200920,9/20/2020,2020,9
20200921,9/21/2020,2020,9
20200922,9/22/2020,2020,9
20200923,9/23/2020,2020,9
20200924,9/24/2020,2020,9
20200925,9/25/2020,2020,9
20200926,9/26/2020,2020,9
20200927,9/27/2020,2020,9
20200928,9/28/2020,2020,9
20200929,9/29/2020,2020,9
20200930,9/30/2020,2020,9
20201001,10/1/2020,2020,10
20201002,10/2/2020,2020,10
20201003,10/3/2020,2020,10
20201004,10/4/2020,2020,10
20201005,10/5/2020,2020,10
20201006,10/6/2020,2020,10
20201007,10/7/2020,2020,10
20201008,10/8/2020,2020,10
20201009,10/9/2020,2020,10
20201010,10/10/2020,2020,10
20201011,10/11/2020,2020,10
20201012,10/12/2020,2020,10
20201013,10/13/2020,2020,10
20201014,10/14/2020,2020,10
20201015,10/15/2020,2020,10
20201016,10/16/2020,2020,10
20201017,10/17/2020,2020,10
20201018,10/18/2020,2020,10
20201019,10/19/2020,2020,10
20201020,10/20/2020,2020,10
20201021,10/21/2020,2020,10
20201022,10/22/2020,2020,10
20201023,10/23/2020,2020,10
20201024,10/24/2020,2020,10
20201025,10/25/2020,2020,10
20201026,10/26/2020,2020,10
20201027,10/27/2020,2020,10
20201028,10/28/2020,2020,10
20201029,10/29/2020,2020,10
20201030,10/30/2020,2020,10
20201031,10/31/2020,2020,10
20201101,11/1/2020,2020,11
20201102,11/2/2020,2020,11
20201103,11/3/2020,2020,11
20201104,11/4/2020,2020,11
20201105,11/5/2020,2020,11
20201106,11/6/2020,2020,11
20201107,11/7/2020,2020,11
20201108,11/8/2020,2020,11
20201109,11/9/2020,2020,11
20201110,11/10/2020,2020,11
20201111,11/11/2020,2020,11
20201112,11/12/2020,2020,11
20201113,11/13/2020,2020,11
20201114,11/14/2020,2020,11
20201115,11/15/2020,2020,11
20201116,11/16/2020,2020,11
20201117,11/17/2020,2020,11
20201118,11/18/2020,2020,11
20201119,11/19/2020,2020,11
20201120,11/20/2020,2020,11
20201121,11/21/2020,2020,11
20201122,11/22/2020,2020,11
20201123,11/23/2020,2020,11
20201124,11/24/2020,2020,11
20201125,11/25/2020,2020,11
20201126,11/26/2020,2020,11
20201127,11/27/2020,2020,11
20201128,11/28/2020,2020,11
20201129,11/29/2020,2020,11
20201130,11/30/2020,2020,11
20201201,12/1/2020,2020,12
20201202,12/2/2020,2020,12
20201203,12/3/2020,2020,12
20201204,12/4/2020,2020,12
20201205,12/5/2020,2020,12
20201206,12/6/2020,2020,12
20201207,12/7/2020,2020,12
20201208,12/8/2020,2020,12
20201209,12/9/2020,2020,12
20201210,12/10/2020,2020,12
20201211,12/11/2020,2020,12
20201212,12/12/2020,2020,12
20201213,12/13/2020,2020,12
20201214,12/14/2020,2020,12
20201215,12/15/2020,2020,12
20201216,12/16/2020,2020,12
20201217,12/17/2020,2020,12
20201218,12/18/2020,2020,12
20201219,12/19/2020,2020,12
20201220,12/20/2020,2020,12
20201221,12/21/2020,2020,12
20201222,12/22/2020,2020,12
20201223,12/23/2020,2020,12
20201224,12/24/2020,2020,12
20201225,12/25/2020,2020,12
20201226,12/26/2020,2020,12
20201227,12/27/2020,2020,12
20201228,12/28/2020,2020,12
20201229,12/29/2020,2020,12
20201230,12/30/2020,2020,12
20201231,12/31/2020,2020,12
20210101,1/1/2021,2021,1
20210102,1/2/2021,2021,1
20210103,1/3/2021,2021,1
20210104,1/4/2021,2021,1
20210105,1/5/2021,2021,1
20210106,1/6/2021,2021,1
20210107,1/7/2021,2021,1
20210108,1/8/2021,2021,1
20210109,1/9/2021,2021,1
20210110,1/10/2021,2021,1
20210111,1/11/2021,2021,1
20210112,1/12/2021,2021,1
20210113,1/13/2021,2021,1
20210114,1/14/2021,2021,1
20210115,1/15/2021,2021,1
20210116,1/16/2021,2021,1
20210117,1/17/2021,2021,1
20210118,1/18/2021,2021,1
20210119,1/19/2021,2021,1
20210120,1/20/2021,2021,1
20210121,1/21/2021,2021,1
20210122,1/22/2021,2021,1
20210123,1/23/2021,2021,1
20210124,1/24/2021,2021,1
20210125,1/25/2021,2021,1
20210126,1/26/2021,2021,1
20210127,1/27/2021,2021,1
20210128,1/28/2021,2021,1
20210129,1/29/2021,2021,1
20210130,1/30/2021,2021,1
20210131,1/31/2021,2021,1
20210201,2/1/2021,2021,2
20210202,2/2/2021,2021,2
20210203,2/3/2021,2021,2
20210204,2/4/2021,2021,2
20210205,2/5/2021,2021,2
20210206,2/6/2021,2021,2
20210207,2/7/2021,2021,2
20210208,2/8/2021,2021,2
20210209,2/9/2021,2021,2
20210210,2/10/2021,2021,2
20210211,2/11/2021,2021,2
20210212,2/12/2021,2021,2
20210213,2/13/2021,2021,2
20210214,2/14/2021,2021,2
20210215,2/15/2021,2021,2
20210216,2/16/2021,2021,2
20210217,2/17/2021,2021,2
20210218,2/18/2021,2021,2
20210219,2/19/2021,2021,2
20210220,2/20/2021,2021,2
20210221,2/21/2021,2021,2
20210222,2/22/2021,2021,2
20210223,2/23/2021,2021,2
20210224,2/24/2021,2021,2
20210225,2/25/2021,2021,2
20210226,2/26/2021,2021,2
20210227,2/27/2021,2021,2
20210228,2/28/2021,2021,2
20210301,3/1/2021,2021,3
20210302,3/2/2021,2021,3
20210303,3/3/2021,2021,3
20210304,3/4/2021,2021,3
20210305,3/5/2021,2021,3
20210306,3/6/2021,2021,3
20210307,3/7/2021,2021,3
20210308,3/8/2021,2021,3
20210309,3/9/2021,2021,3
20210310,3/10/2021,2021,3
20210311,3/11/2021,2021,3
20210312,3/12/2021,2021,3
20210313,3/13/2021,2021,3
20210314,3/14/2021,2021,3
20210315,3/15/2021,2021,3
20210316,3/16/2021,2021,3
20210317,3/17/2021,2021,3
20210318,3/18/2021,2021,3
20210319,3/19/2021,2021,3
20210320,3/20/2021,2021,3
20210321,3/21/2021,2021,3
20210322,3/22/2021,2021,3
20210323,3/23/2021,2021,3
20210324,3/24/2021,2021,3
20210325,3/25/2021,2021,3
20210326,3/26/2021,2021,3
20210327,3/27/2021,2021,3
20210328,3/28/2021,2021,3
20210329,3/29/2021,2021,3
20210330,3/30/2021,2021,3
20210331,3/31/2021,2021,3
20210401,4/1/2021,2021,4
20210402,4/2/2021,2021,4
20210403,4/3/2021,2021,4
20210404,4/4/2021,2021,4
20210405,4/5/2021,2021,4
20210406,4/6/2021,2021,4
20210407,4/7/2021,2021,4
20210408,4/8/2021,2021,4
20210409,4/9/2021,2021,4
20210410,4/10/2021,2021,4
20210411,4/11/2021,2021,4
20210412,4/12/2021,2021,4
20210413,4/13/2021,2021,4
20210414,4/14/2021,2021,4
20210415,4/15/2021,2021,4
20210416,4/16/2021,2021,4
20210417,4/17/2021,2021,4
20210418,4/18/2021,2021,4
20210419,4/19/2021,2021,4
20210420,4/20/2021,2021,4
20210421,4/21/2021,2021,4
20210422,4/22/2021,2021,4
20210423,4/23/2021,2021,4
20210424,4/24/2021,2021,4
20210425,4/25/2021,2021,4
20210426,4/26/2021,2021,4
20210427,4/27/2021,2021,4
20210428,4/28/2021,2021,4
20210429,4/29/2021,2021,4
20210430,4/30/2021,2021,4
20210501,5/1/2021,2021,5
20210502,5/2/2021,2021,5
20210503,5/3/2021,2021,5
20210504,5/4/2021,2021,5
20210505,5/5/2021,2021,5
20210506,5/6/2021,2021,5
20210507,5/7/2021,2021,5
20210508,5/8/2021,2021,5
20210509,5/9/2021,2021,5
20210510,5/10/2021,2021,5
20210511,5/11/2021,2021,5
20210512,5/12/2021,2021,5
20210513,5/13/2021,2021,5
20210514,5/14/2021,2021,5
20210515,5/15/2021,2021,5
20210516,5/16/2021,2021,5
20210517,5/17/2021,2021,5
20210518,5/18/2021,2021,5
20210519,5/19/2021,2021,5
20210520,5/20/2021,2021,5
20210521,5/21/2021,2021,5
20210522,5/22/2021,2021,5
20210523,5/23/2021,2021,5
20210524,5/24/2021,2021,5
20210525,5/25/2021,2021,5
20210526,5/26/2021,2021,5
20210527,5/27/2021,2021,5
20210528,5/28/2021,2021,5
20210529,5/29/2021,2021,5
20210530,5/30/2021,2021,5
20210531,5/31/2021,2021,5
20210601,6/1/2021,2021,6
20210602,6/2/2021,2021,6
20210603,6/3/2021,2021,6
20210604,6/4/2021,2021,6
20210605,6/5/2021,2021,6
20210606,6/6/2021,2021,6
20210607,6/7/2021,2021,6
20210608,6/8/2021,2021,6
20210609,6/9/2021,2021,6
20210610,6/10/2021,2021,6
20210611,6/11/2021,2021,6
20210612,6/12/2021,2021,6
20210613,6/13/2021,2021,6
20210614,6/14/2021,2021,6
20210615,6/15/2021,2021,6
20210616,6/16/2021,2021,6
20210617,6/17/2021,2021,6
20210618,6/18/2021,2021,6
20210619,6/19/2021,2021,6
20210620,6/20/2021,2021,6
20210621,6/21/2021,2021,6
20210622,6/22/2021,2021,6
20210623,6/23/2021,2021,6
20210624,6/24/2021,2021,6
20210625,6/25/2021,2021,6
20210626,6/26/2021,2021,6
20210627,6/27/2021,2021,6
20210628,6/28/2021,2021,6
20210629,6/29/2021,2021,6
20210630,6/30/2021,2021,6
20210701,7/1/2021,2021,7
20210702,7/2/2021,2021,7
20210703,7/3/2021,2021,7
20210704,7/4/2021,2021,7
20210705,7/5/2021,2021,7
20210706,7/6/2021,2021,7
20210707,7/7/2021,2021,7
20210708,7/8/2021,2021,7
20210709,7/9/2021,2021,7
20210710,7/10/2021,2021,7
20210711,7/11/2021,2021,7
20210712,7/12/2021,2021,7
20210713,7/13/2021,2021,7
20210714,7/14/2021,2021,7
20210715,7/15/2021,2021,7
20210716,7/16/2021,2021,7
20210717,7/17/2021,2021,7
20210718,7/18/2021,2021,7
20210719,7/19/2021,2021,7
20210720,7/20/2021,2021,7
20210721,7/21/2021,2021,7
20210722,7/22/2021,2021,7
20210723,7/23/2021,2021,7
20210724,7/24/2021,2021,7
20210725,7/25/2021,2021,7
20210726,7/26/2021,2021,7
20210727,7/27/2021,2021,7
20210728,7/28/2021,2021,7
20210729,7/29/2021,2021,7
20210730,7/30/2021,2021,7
20210731,7/31/2021,2021,7
20210801,8/1/2021,2021,8
20210802,8/2/2021,2021,8
20210803,8/3/2021,2021,8
20210804,8/4/2021,2021,8
20210805,8/5/2021,2021,8
20210806,8/6/2021,2021,8
20210807,8/7/2021,2021,8
20210808,8/8/2021,2021,8
20210809,8/9/2021,2021,8
20210810,8/10/2021,2021,8
20210811,8/11/2021,2021,8
20210812,8/12/2021,2021,8
20210813,8/13/2021,2021,8
20210814,8/14/2021,2021,8
20210815,8/15/2021,2021,8
20210816,8/16/2021,2021,8
20210817,8/17/2021,2021,8
20210818,8/18/2021,2021,8
20210819,8/19/2021,2021,8
20210820,8/20/2021,2021,8
20210821,8/21/2021,2021,8
20210822,8/22/2021,2021,8
20210823,8/23/2021,2021,8
20210824,8/24/2021,2021,8
20210825,8/25/2021,2021,8
20210826,8/26/2021,2021,8
20210827,8/27/2021,2021,8
20210828,8/28/2021,2021,8
20210829,8/29/2021,2021,8
20210830,8/30/2021,2021,8
20210831,8/31/2021,2021,8
20210901,9/1/2021,2021,9
20210902,9/2/2021,2021,9
20210903,9/3/2021,2021,9
20210904,9/4/2021,2021,9
20210905,9/5/2021,2021,9
20210906,9/6/2021,2021,9
20210907,9/7/2021,2021,9
20210908,9/8/2021,2021,9
20210909,9/9/2021,2021,9
20210910,9/10/2021,2021,9
20210911,9/11/2021,2021,9
20210912,9/12/2021,2021,9
20210913,9/13/2021,2021,9
20210914,9/14/2021,2021,9
20210915,9/15/2021,2021,9
20210916,9/16/2021,2021,9
20210917,9/17/2021,2021,9
20210918,9/18/2021,2021,9
20210919,9/19/2021,2021,9
20210920,9/20/2021,2021,9
20210921,9/21/2021,2021,9
20210922,9/22/2021,2021,9
20210923,9/23/2021,2021,9
20210924,9/24/2021,2021,9
20210925,9/25/2021,2021,9
20210926,9/26/2021,2021,9
20210927,9/27/2021,2021,9
20210928,9/28/2021,2021,9
20210929,9/29/2021,2021,9
20210930,9/30/2021,2021,9
20211001,10/1/2021,2021,10
20211002,10/2/2021,2021,10
20211003,10/3/2021,2021,10
20211004,10/4/2021,2021,10
20211005,10/5/2021,2021,10
20211006,10/6/2021,2021,10
20211007,10/7/2021,2021,10
20211008,10/8/2021,2021,10
20211009,10/9/2021,2021,10
20211010,10/10/2021,2021,10
20211011,10/11/2021,2021,10
20211012,10/12/2021,2021,10
20211013,10/13/2021,2021,10
20211014,10/14/2021,2021,10
20211015,10/15/2021,2021,10
20211016,10/16/2021,2021,10
20211017,10/17/2021,2021,10
20211018,10/18/2021,2021,10
20211019,10/19/2021,2021,10
20211020,10/20/2021,2021,10
20211021,10/21/2021,2021,10
20211022,10/22/2021,2021,10
20211023,10/23/2021,2021,10
20211024,10/24/2021,2021,10
20211025,10/25/2021,2021,10
20211026,10/26/2021,2021,10
20211027,10/27/2021,2021,10
20211028,10/28/2021,2021,10
20211029,10/29/2021,2021,10
20211030,10/30/2021,2021,10
20211031,10/31/2021,2021,10
20211101,11/1/2021,2021,11
20211102,11/2/2021,2021,11
20211103,11/3/2021,2021,11
20211104,11/4/2021,2021,11
20211105,11/5/2021,2021,11
20211106,11/6/2021,2021,11
20211107,11/7/2021,2021,11
20211108,11/8/2021,2021,11
20211109,11/9/2021,2021,11
20211110,11/10/2021,2021,11
20211111,11/11/2021,2021,11
20211112,11/12/2021,2021,11
20211113,11/13/2021,2021,11
20211114,11/14/2021,2021,11
20211115,11/15/2021,2021,11
20211116,11/16/2021,2021,11
20211117,11/17/2021,2021,11
20211118,11/18/2021,2021,11
20211119,11/19/2021,2021,11
20211120,11/20/2021,2021,11
20211121,11/21/2021,2021,11
20211122,11/22/2021,2021,11
20211123,11/23/2021,2021,11
20211124,11/24/2021,2021,11
20211125,11/25/2021,2021,11
20211126,11/26/2021,2021,11
20211127,11/27/2021,2021,11
20211128,11/28/2021,2021,11
20211129,11/29/2021,2021,11
20211130,11/30/2021,2021,11
20211201,12/1/2021,2021,12
20211202,12/2/2021,2021,12
20211203,12/3/2021,2021,12
20211204,12/4/2021,2021,12
20211205,12/5/2021,2021,12
20211206,12/6/2021,2021,12
20211207,12/7/2021,2021,12
20211208,12/8/2021,2021,12
20211209,12/9/2021,2021,12
20211210,12/10/2021,2021,12
20211211,12/11/2021,2021,12
20211212,12/12/2021,2021,12
20211213,12/13/2021,2021,12
20211214,12/14/2021,2021,12
20211215,12/15/2021,2021,12
20211216,12/16/2021,2021,12
20211217,12/17/2021,2021,12
20211218,12/18/2021,2021,12
20211219,12/19/2021,2021,12
20211220,12/20/2021,2021,12
20211221,12/21/2021,2021,12
20211222,12/22/2021,2021,12
20211223,12/23/2021,2021,12
20211224,12/24/2021,2021,12
20211225,12/25/2021,2021,12
20211226,12/26/2021,2021,12
20211227,12/27/2021,2021,12
20211228,12/28/2021,2021,12
20211229,12/29/2021,2021,12
20211230,12/30/2021,2021,12
20211231,12/31/2021,2021,12
20220101,1/1/2022,2022,1
20220102,1/2/2022,2022,1
20220103,1/3/2022,2022,1
20220104,1/4/2022,2022,1
20220105,1/5/2022,2022,1
20220106,1/6/2022,2022,1
20220107,1/7/2022,2022,1
20220108,1/8/2022,2022,1
20220109,1/9/2022,2022,1
20220110,1/10/2022,2022,1
20220111,1/11/2022,2022,1
20220112,1/12/2022,2022,1
20220113,1/13/2022,2022,1
20220114,1/14/2022,2022,1
20220115,1/15/2022,2022,1
20220116,1/16/2022,2022,1
20220117,1/17/2022,2022,1
20220118,1/18/2022,2022,1
20220119,1/19/2022,2022,1
20220120,1/20/2022,2022,1
20220121,1/21/2022,2022,1
20220122,1/22/2022,2022,1
20220123,1/23/2022,2022,1
20220124,1/24/2022,2022,1
20220125,1/25/2022,2022,1
20220126,1/26/2022,2022,1
20220127,1/27/2022,2022,1
20220128,1/28/2022,2022,1
20220129,1/29/2022,2022,1
20220130,1/30/2022,2022,1
20220131,1/31/2022,2022,1
20220201,2/1/2022,2022,2
20220202,2/2/2022,2022,2
20220203,2/3/2022,2022,2
20220204,2/4/2022,2022,2
20220205,2/5/2022,2022,2
20220206,2/6/2022,2022,2
20220207,2/7/2022,2022,2
20220208,2/8/2022,2022,2
20220209,2/9/2022,2022,2
20220210,2/10/2022,2022,2
20220211,2/11/2022,2022,2
20220212,2/12/2022,2022,2
20220213,2/13/2022,2022,2
20220214,2/14/2022,2022,2
20220215,2/15/2022,2022,2
20220216,2/16/2022,2022,2
20220217,2/17/2022,2022,2
20220218,2/18/2022,2022,2
20220219,2/19/2022,2022,2
20220220,2/20/2022,2022,2
20220221,2/21/2022,2022,2
20220222,2/22/2022,2022,2
20220223,2/23/2022,2022,2
20220224,2/24/2022,2022,2
20220225,2/25/2022,2022,2
20220226,2/26/2022,2022,2
20220227,2/27/2022,2022,2
20220228,2/28/2022,2022,2
20220301,3/1/2022,2022,3
20220302,3/2/2022,2022,3
20220303,3/3/2022,2022,3
20220304,3/4/2022,2022,3
20220305,3/5/2022,2022,3
20220306,3/6/2022,2022,3
20220307,3/7/2022,2022,3
20220308,3/8/2022,2022,3
20220309,3/9/2022,2022,3
20220310,3/10/2022,2022,3
20220311,3/11/2022,2022,3
20220312,3/12/2022,2022,3
20220313,3/13/2022,2022,3
20220314,3/14/2022,2022,3
20220315,3/15/2022,2022,3
20220316,3/16/2022,2022,3
20220317,3/17/2022,2022,3
20220318,3/18/2022,2022,3
20220319,3/19/2022,2022,3
20220320,3/20/2022,2022,3
20220321,3/21/2022,2022,3
20220322,3/22/2022,2022,3
20220323,3/23/2022,2022,3
20220324,3/24/2022,2022,3
20220325,3/25/2022,2022,3
20220326,3/26/2022,2022,3
20220327,3/27/2022,2022,3
20220328,3/28/2022,2022,3
20220329,3/29/2022,2022,3
20220330,3/30/2022,2022,3
20220331,3/31/2022,2022,3
20220401,4/1/2022,2022,4
20220402,4/2/2022,2022,4
20220403,4/3/2022,2022,4
20220404,4/4/2022,2022,4
20220405,4/5/2022,2022,4
20220406,4/6/2022,2022,4
20220407,4/7/2022,2022,4
20220408,4/8/2022,2022,4
20220409,4/9/2022,2022,4
20220410,4/10/2022,2022,4
20220411,4/11/2022,2022,4
20220412,4/12/2022,2022,4
20220413,4/13/2022,2022,4
20220414,4/14/2022,2022,4
20220415,4/15/2022,2022,4
20220416,4/16/2022,2022,4
20220417,4/17/2022,2022,4
20220418,4/18/2022,2022,4
20220419,4/19/2022,2022,4
20220420,4/20/2022,2022,4
20220421,4/21/2022,2022,4
20220422,4/22/2022,2022,4
20220423,4/23/2022,2022,4
20220424,4/24/2022,2022,4
20220425,4/25/2022,2022,4
20220426,4/26/2022,2022,4
20220427,4/27/2022,2022,4
20220428,4/28/2022,2022,4
20220429,4/29/2022,2022,4
20220430,4/30/2022,2022,4
20220501,5/1/2022,2022,5
20220502,5/2/2022,2022,5
20220503,5/3/2022,2022,5
20220504,5/4/2022,2022,5
20220505,5/5/2022,2022,5
20220506,5/6/2022,2022,5
20220507,5/7/2022,2022,5
20220508,5/8/2022,2022,5
20220509,5/9/2022,2022,5
20220510,5/10/2022,2022,5
20220511,5/11/2022,2022,5
20220512,5/12/2022,2022,5
20220513,5/13/2022,2022,5
20220514,5/14/2022,2022,5
20220515,5/15/2022,2022,5
20220516,5/16/2022,2022,5
20220517,5/17/2022,2022,5
20220518,5/18/2022,2022,5
20220519,5/19/2022,2022,5
20220520,5/20/2022,2022,5
20220521,5/21/2022,2022,5
20220522,5/22/2022,2022,5
20220523,5/23/2022,2022,5
20220524,5/24/2022,2022,5
20220525,5/25/2022,2022,5
20220526,5/26/2022,2022,5
20220527,5/27/2022,2022,5
20220528,5/28/2022,2022,5
20220529,5/29/2022,2022,5
20220530,5/30/2022,2022,5
20220531,5/31/2022,2022,5
20220601,6/1/2022,2022,6
20220602,6/2/2022,2022,6
20220603,6/3/2022,2022,6
20220604,6/4/2022,2022,6
20220605,6/5/2022,2022,6
20220606,6/6/2022,2022,6
20220607,6/7/2022,2022,6
20220608,6/8/2022,2022,6
20220609,6/9/2022,2022,6
20220610,6/10/2022,2022,6
20220611,6/11/2022,2022,6
20220612,6/12/2022,2022,6
20220613,6/13/2022,2022,6
20220614,6/14/2022,2022,6
20220615,6/15/2022,2022,6
20220616,6/16/2022,2022,6
20220617,6/17/2022,2022,6
20220618,6/18/2022,2022,6
20220619,6/19/2022,2022,6
20220620,6/20/2022,2022,6
20220621,6/21/2022,2022,6
20220622,6/22/2022,2022,6
20220623,6/23/2022,2022,6
20220624,6/24/2022,2022,6
20220625,6/25/2022,2022,6
20220626,6/26/2022,2022,6
20220627,6/27/2022,2022,6
20220628,6/28/2022,2022,6
20220629,6/29/2022,2022,6
20220630,6/30/2022,2022,6
20220701,7/1/2022,2022,7
20220702,7/2/2022,2022,7
20220703,7/3/2022,2022,7
20220704,7/4/2022,2022,7
20220705,7/5/2022,2022,7
20220706,7/6/2022,2022,7
20220707,7/7/2022,2022,7
20220708,7/8/2022,2022,7
20220709,7/9/2022,2022,7
20220710,7/10/2022,2022,7
20220711,7/11/2022,2022,7
20220712,7/12/2022,2022,7
20220713,7/13/2022,2022,7
20220714,7/14/2022,2022,7
20220715,7/15/2022,2022,7
20220716,7/16/2022,2022,7
20220717,7/17/2022,2022,7
20220718,7/18/2022,2022,7
20220719,7/19/2022,2022,7
20220720,7/20/2022,2022,7
20220721,7/21/2022,2022,7
20220722,7/22/2022,2022,7
20220723,7/23/2022,2022,7
20220724,7/24/2022,2022,7
20220725,7/25/2022,2022,7
20220726,7/26/2022,2022,7
20220727,7/27/2022,2022,7
20220728,7/28/2022,2022,7
20220729,7/29/2022,2022,7
20220730,7/30/2022,2022,7
20220731,7/31/2022,2022,7
20220801,8/1/2022,2022,8
20220802,8/2/2022,2022,8
20220803,8/3/2022,2022,8
20220804,8/4/2022,2022,8
20220805,8/5/2022,2022,8
20220806,8/6/2022,2022,8
20220807,8/7/2022,2022,8
20220808,8/8/2022,2022,8
20220809,8/9/2022,2022,8
20220810,8/10/2022,2022,8
20220811,8/11/2022,2022,8
20220812,8/12/2022,2022,8
20220813,8/13/2022,2022,8
20220814,8/14/2022,2022,8
20220815,8/15/2022,2022,8
20220816,8/16/2022,2022,8
20220817,8/17/2022,2022,8
20220818,8/18/2022,2022,8
20220819,8/19/2022,2022,8
20220820,8/20/2022,2022,8
20220821,8/21/2022,2022,8
20220822,8/22/2022,2022,8
20220823,8/23/2022,2022,8
20220824,8/24/2022,2022,8
20220825,8/25/2022,2022,8
20220826,8/26/2022,2022,8
20220827,8/27/2022,2022,8
20220828,8/28/2022,2022,8
20220829,8/29/2022,2022,8
20220830,8/30/2022,2022,8
20220831,8/31/2022,2022,8
20220901,9/1/2022,2022,9
20220902,9/2/2022,2022,9
20220903,9/3/2022,2022,9
20220904,9/4/2022,2022,9
20220905,9/5/2022,2022,9
20220906,9/6/2022,2022,9
20220907,9/7/2022,2022,9
20220908,9/8/2022,2022,9
20220909,9/9/2022,2022,9
20220910,9/10/2022,2022,9
20220911,9/11/2022,2022,9
20220912,9/12/2022,2022,9
20220913,9/13/2022,2022,9
20220914,9/14/2022,2022,9
20220915,9/15/2022,2022,9
20220916,9/16/2022,2022,9
20220917,9/17/2022,2022,9
20220918,9/18/2022,2022,9
20220919,9/19/2022,2022,9
20220920,9/20/2022,2022,9
20220921,9/21/2022,2022,9
20220922,9/22/2022,2022,9
20220923,9/23/2022,2022,9
20220924,9/24/2022,2022,9
20220925,9/25/2022,2022,9
20220926,9/26/2022,2022,9
20220927,9/27/2022,2022,9
20220928,9/28/2022,2022,9
20220929,9/29/2022,2022,9
20220930,9/30/2022,2022,9
20221001,10/1/2022,2022,10
20221002,10/2/2022,2022,10
20221003,10/3/2022,2022,10
20221004,10/4/2022,2022,10
20221005,10/5/2022,2022,10
20221006,10/6/2022,2022,10
20221007,10/7/2022,2022,10
20221008,10/8/2022,2022,10
20221009,10/9/2022,2022,10
20221010,10/10/2022,2022,10
20221011,10/11/2022,2022,10
20221012,10/12/2022,2022,10
20221013,10/13/2022,2022,10
20221014,10/14/2022,2022,10
20221015,10/15/2022,2022,10
20221016,10/16/2022,2022,10
20221017,10/17/2022,2022,10
20221018,10/18/2022,2022,10
20221019,10/19/2022,2022,10
20221020,10/20/2022,2022,10
20221021,10/21/2022,2022,10
20221022,10/22/2022,2022,10
20221023,10/23/2022,2022,10
20221024,10/24/2022,2022,10
20221025,10/25/2022,2022,10
20221026,10/26/2022,2022,10
20221027,10/27/2022,2022,10
20221028,10/28/2022,2022,10
20221029,10/29/2022,2022,10
20221030,10/30/2022,2022,10
20221031,10/31/2022,2022,10
20221101,11/1/2022,2022,11
20221102,11/2/2022,2022,11
20221103,11/3/2022,2022,11
20221104,11/4/2022,2022,11
20221105,11/5/2022,2022,11
20221106,11/6/2022,2022,11
20221107,11/7/2022,2022,11
20221108,11/8/2022,2022,11
20221109,11/9/2022,2022,11
20221110,11/10/2022,2022,11
20221111,11/11/2022,2022,11
20221112,11/12/2022,2022,11
20221113,11/13/2022,2022,11
20221114,11/14/2022,2022,11
20221115,11/15/2022,2022,11
20221116,11/16/2022,2022,11
20221117,11/17/2022,2022,11
20221118,11/18/2022,2022,11
20221119,11/19/2022,2022,11
20221120,11/20/2022,2022,11
20221121,11/21/2022,2022,11
20221122,11/22/2022,2022,11
20221123,11/23/2022,2022,11
20221124,11/24/2022,2022,11
20221125,11/25/2022,2022,11
20221126,11/26/2022,2022,11
20221127,11/27/2022,2022,11
20221128,11/28/2022,2022,11
20221129,11/29/2022,2022,11
20221130,11/30/2022,2022,11
20221201,12/1/2022,2022,12
20221202,12/2/2022,2022,12
20221203,12/3/2022,2022,12
20221204,12/4/2022,2022,12
20221205,12/5/2022,2022,12
20221206,12/6/2022,2022,12
20221207,12/7/2022,2022,12
20221208,12/8/2022,2022,12
20221209,12/9/2022,2022,12
20221210,12/10/2022,2022,12
20221211,12/11/2022,2022,12
20221212,12/12/2022,2022,12
20221213,12/13/2022,2022,12
20221214,12/14/2022,2022,12
20221215,12/15/2022,2022,12
20221216,12/16/2022,2022,12
20221217,12/17/2022,2022,12
20221218,12/18/2022,2022,12
20221219,12/19/2022,2022,12
20221220,12/20/2022,2022,12
20221221,12/21/2022,2022,12
20221222,12/22/2022,2022,12
20221223,12/23/2022,2022,12
20221224,12/24/2022,2022,12
20221225,12/25/2022,2022,12
20221226,12/26/2022,2022,12
20221227,12/27/2022,2022,12
20221228,12/28/2022,2022,12
20221229,12/29/2022,2022,12
20221230,12/30/2022,2022,12
20221231,12/31/2022,2022,12
20230101,1/1/2023,2023,1
20230102,1/2/2023,2023,1
20230103,1/3/2023,2023,1
20230104,1/4/2023,2023,1
20230105,1/5/2023,2023,1
20230106,1/6/2023,2023,1
20230107,1/7/2023,2023,1
20230108,1/8/2023,2023,1
20230109,1/9/2023,2023,1
20230110,1/10/2023,2023,1
20230111,1/11/2023,2023,1
20230112,1/12/2023,2023,1
20230113,1/13/2023,2023,1
20230114,1/14/2023,2023,1
20230115,1/15/2023,2023,1
20230116,1/16/2023,2023,1
20230117,1/17/2023,2023,1
20230118,1/18/2023,2023,1
20230119,1/19/2023,2023,1
20230120,1/20/2023,2023,1
20230121,1/21/2023,2023,1
20230122,1/22/2023,2023,1
20230123,1/23/2023,2023,1
20230124,1/24/2023,2023,1
20230125,1/25/2023,2023,1
20230126,1/26/2023,2023,1
20230127,1/27/2023,2023,1
20230128,1/28/2023,2023,1
20230129,1/29/2023,2023,1
20230130,1/30/2023,2023,1
20230131,1/31/2023,2023,1
20230201,2/1/2023,2023,2
20230202,2/2/2023,2023,2
20230203,2/3/2023,2023,2
20230204,2/4/2023,2023,2
20230205,2/5/2023,2023,2
20230206,2/6/2023,2023,2
20230207,2/7/2023,2023,2
20230208,2/8/2023,2023,2
20230209,2/9/2023,2023,2
20230210,2/10/2023,2023,2
20230211,2/11/2023,2023,2
20230212,2/12/2023,2023,2
20230213,2/13/2023,2023,2
20230214,2/14/2023,2023,2
20230215,2/15/2023,2023,2
20230216,2/16/2023,2023,2
20230217,2/17/2023,2023,2
20230218,2/18/2023,2023,2
20230219,2/19/2023,2023,2
20230220,2/20/2023,2023,2
20230221,2/21/2023,2023,2
20230222,2/22/2023,2023,2
20230223,2/23/2023,2023,2
20230224,2/24/2023,2023,2
20230225,2/25/2023,2023,2
20230226,2/26/2023,2023,2
20230227,2/27/2023,2023,2
20230228,2/28/2023,2023,2
20230301,3/1/2023,2023,3
20230302,3/2/2023,2023,3
20230303,3/3/2023,2023,3
20230304,3/4/2023,2023,3
20230305,3/5/2023,2023,3
20230306,3/6/2023,2023,3
20230307,3/7/2023,2023,3
20230308,3/8/2023,2023,3
20230309,3/9/2023,2023,3
20230310,3/10/2023,2023,3
20230311,3/11/2023,2023,3
20230312,3/12/2023,2023,3
20230313,3/13/2023,2023,3
20230314,3/14/2023,2023,3
20230315,3/15/2023,2023,3
20230316,3/16/2023,2023,3
20230317,3/17/2023,2023,3
20230318,3/18/2023,2023,3
20230319,3/19/2023,2023,3
20230320,3/20/2023,2023,3
20230321,3/21/2023,2023,3
20230322,3/22/2023,2023,3
20230323,3/23/2023,2023,3
20230324,3/24/2023,2023,3
20230325,3/25/2023,2023,3
20230326,3/26/2023,2023,3
20230327,3/27/2023,2023,3
20230328,3/28/2023,2023,3
20230329,3/29/2023,2023,3
20230330,3/30/2023,2023,3
20230331,3/31/2023,2023,3
20230401,4/1/2023,2023,4
20230402,4/2/2023,2023,4
20230403,4/3/2023,2023,4
20230404,4/4/2023,2023,4
20230405,4/5/2023,2023,4
20230406,4/6/2023,2023,4
20230407,4/7/2023,2023,4
20230408,4/8/2023,2023,4
20230409,4/9/2023,2023,4
20230410,4/10/2023,2023,4
20230411,4/11/2023,2023,4
20230412,4/12/2023,2023,4
20230413,4/13/2023,2023,4
20230414,4/14/2023,2023,4
20230415,4/15/2023,2023,4
20230416,4/16/2023,2023,4
20230417,4/17/2023,2023,4
20230418,4/18/2023,2023,4
20230419,4/19/2023,2023,4
20230420,4/20/2023,2023,4
20230421,4/21/2023,2023,4
20230422,4/22/2023,2023,4
20230423,4/23/2023,2023,4
20230424,4/24/2023,2023,4
20230425,4/25/2023,2023,4
20230426,4/26/2023,2023,4
20230427,4/27/2023,2023,4
20230428,4/28/2023,2023,4
20230429,4/29/2023,2023,4
20230430,4/30/2023,2023,4
20230501,5/1/2023,2023,5
20230502,5/2/2023,2023,5
20230503,5/3/2023,2023,5
20230504,5/4/2023,2023,5
20230505,5/5/2023,2023,5
20230506,5/6/2023,2023,5
20230507,5/7/2023,2023,5
20230508,5/8/2023,2023,5
20230509,5/9/2023,2023,5
20230510,5/10/2023,2023,5
20230511,5/11/2023,2023,5
20230512,5/12/2023,2023,5
20230513,5/13/2023,2023,5
20230514,5/14/2023,2023,5
20230515,5/15/2023,2023,5
20230516,5/16/2023,2023,5
20230517,5/17/2023,2023,5
20230518,5/18/2023,2023,5
20230519,5/19/2023,2023,5
20230520,5/20/2023,2023,5
20230521,5/21/2023,2023,5
20230522,5/22/2023,2023,5
20230523,5/23/2023,2023,5
20230524,5/24/2023,2023,5
20230525,5/25/2023,2023,5
20230526,5/26/2023,2023,5
20230527,5/27/2023,2023,5
20230528,5/28/2023,2023,5
20230529,5/29/2023,2023,5
20230530,5/30/2023,2023,5
20230531,5/31/2023,2023,5
20230601,6/1/2023,2023,6
20230602,6/2/2023,2023,6
20230603,6/3/2023,2023,6
20230604,6/4/2023,2023,6
20230605,6/5/2023,2023,6
20230606,6/6/2023,2023,6
20230607,6/7/2023,2023,6
20230608,6/8/2023,2023,6
20230609,6/9/2023,2023,6
20230610,6/10/2023,2023,6
20230611,6/11/2023,2023,6
20230612,6/12/2023,2023,6
20230613,6/13/2023,2023,6
20230614,6/14/2023,2023,6
20230615,6/15/2023,2023,6
20230616,6/16/2023,2023,6
20230617,6/17/2023,2023,6
20230618,6/18/2023,2023,6
20230619,6/19/2023,2023,6
20230620,6/20/2023,2023,6
20230621,6/21/2023,2023,6
20230622,6/22/2023,2023,6
20230623,6/23/2023,2023,6
20230624,6/24/2023,2023,6
20230625,6/25/2023,2023,6
20230626,6/26/2023,2023,6
20230627,6/27/2023,2023,6
20230628,6/28/2023,2023,6
20230629,6/29/2023,2023,6
20230630,6/30/2023,2023,6
20230701,7/1/2023,2023,7
20230702,7/2/2023,2023,7
20230703,7/3/2023,2023,7
20230704,7/4/2023,2023,7
20230705,7/5/2023,2023,7
20230706,7/6/2023,2023,7
20230707,7/7/2023,2023,7
20230708,7/8/2023,2023,7
20230709,7/9/2023,2023,7
20230710,7/10/2023,2023,7
20230711,7/11/2023,2023,7
20230712,7/12/2023,2023,7
20230713,7/13/2023,2023,7
20230714,7/14/2023,2023,7
20230715,7/15/2023,2023,7
20230716,7/16/2023,2023,7
20230717,7/17/2023,2023,7
20230718,7/18/2023,2023,7
20230719,7/19/2023,2023,7
20230720,7/20/2023,2023,7
20230721,7/21/2023,2023,7
20230722,7/22/2023,2023,7
20230723,7/23/2023,2023,7
20230724,7/24/2023,2023,7
20230725,7/25/2023,2023,7
20230726,7/26/2023,2023,7
20230727,7/27/2023,2023,7
20230728,7/28/2023,2023,7
20230729,7/29/2023,2023,7
20230730,7/30/2023,2023,7
20230731,7/31/2023,2023,7
20230801,8/1/2023,2023,8
20230802,8/2/2023,2023,8
20230803,8/3/2023,2023,8
20230804,8/4/2023,2023,8
20230805,8/5/2023,2023,8
20230806,8/6/2023,2023,8
20230807,8/7/2023,2023,8
20230808,8/8/2023,2023,8
20230809,8/9/2023,2023,8
20230810,8/10/2023,2023,8
20230811,8/11/2023,2023,8
20230812,8/12/2023,2023,8
20230813,8/13/2023,2023,8
20230814,8/14/2023,2023,8
20230815,8/15/2023,2023,8
20230816,8/16/2023,2023,8
20230817,8/17/2023,2023,8
20230818,8/18/2023,2023,8
20230819,8/19/2023,2023,8
20230820,8/20/2023,2023,8
20230821,8/21/2023,2023,8
20230822,8/22/2023,2023,8
20230823,8/23/2023,2023,8
20230824,8/24/2023,2023,8
20230825,8/25/2023,2023,8
20230826,8/26/2023,2023,8
20230827,8/27/2023,2023,8
20230828,8/28/2023,2023,8
20230829,8/29/2023,2023,8
20230830,8/30/2023,2023,8
20230831,8/31/2023,2023,8
20230901,9/1/2023,2023,9
20230902,9/2/2023,2023,9
20230903,9/3/2023,2023,9
20230904,9/4/2023,2023,9
20230905,9/5/2023,2023,9
20230906,9/6/2023,2023,9
20230907,9/7/2023,2023,9
20230908,9/8/2023,2023,9
20230909,9/9/2023,2023,9
20230910,9/10/2023,2023,9
20230911,9/11/2023,2023,9
20230912,9/12/2023,2023,9
20230913,9/13/2023,2023,9
20230914,9/14/2023,2023,9
20230915,9/15/2023,2023,9
20230916,9/16/2023,2023,9
20230917,9/17/2023,2023,9
20230918,9/18/2023,2023,9
20230919,9/19/2023,2023,9
20230920,9/20/2023,2023,9
20230921,9/21/2023,2023,9
20230922,9/22/2023,2023,9
20230923,9/23/2023,2023,9
20230924,9/24/2023,2023,9
20230925,9/25/2023,2023,9
20230926,9/26/2023,2023,9
20230927,9/27/2023,2023,9
20230928,9/28/2023,2023,9
20230929,9/29/2023,2023,9
20230930,9/30/2023,2023,9
20231001,10/1/2023,2023,10
20231002,10/2/2023,2023,10
20231003,10/3/2023,2023,10
20231004,10/4/2023,2023,10
20231005,10/5/2023,2023,10
20231006,10/6/2023,2023,10
20231007,10/7/2023,2023,10
20231008,10/8/2023,2023,10
20231009,10/9/2023,2023,10
20231010,10/10/2023,2023,10
20231011,10/11/2023,2023,10
20231012,10/12/2023,2023,10
20231013,10/13/2023,2023,10
20231014,10/14/2023,2023,10
20231015,10/15/2023,2023,10
20231016,10/16/2023,2023,10
20231017,10/17/2023,2023,10
20231018,10/18/2023,2023,10
20231019,10/19/2023,2023,10
20231020,10/20/2023,2023,10
20231021,10/21/2023,2023,10
20231022,10/22/2023,2023,10
20231023,10/23/2023,2023,10
20231024,10/24/2023,2023,10
20231025,10/25/2023,2023,10
20231026,10/26/2023,2023,10
20231027,10/27/2023,2023,10
20231028,10/28/2023,2023,10
20231029,10/29/2023,2023,10
20231030,10/30/2023,2023,10
20231031,10/31/2023,2023,10
20231101,11/1/2023,2023,11
20231102,11/2/2023,2023,11
20231103,11/3/2023,2023,11
20231104,11/4/2023,2023,11
20231105,11/5/2023,2023,11
20231106,11/6/2023,2023,11
20231107,11/7/2023,2023,11
20231108,11/8/2023,2023,11
20231109,11/9/2023,2023,11
20231110,11/10/2023,2023,11
20231111,11/11/2023,2023,11
20231112,11/12/2023,2023,11
20231113,11/13/2023,2023,11
20231114,11/14/2023,2023,11
20231115,11/15/2023,2023,11
20231116,11/16/2023,2023,11
20231117,11/17/2023,2023,11
20231118,11/18/2023,2023,11
20231119,11/19/2023,2023,11
20231120,11/20/2023,2023,11
20231121,11/21/2023,2023,11
20231122,11/22/2023,2023,11
20231123,11/23/2023,2023,11
20231124,11/24/2023,2023,11
20231125,11/25/2023,2023,11
20231126,11/26/2023,2023,11
20231127,11/27/2023,2023,11
20231128,11/28/2023,2023,11
20231129,11/29/2023,2023,11
20231130,11/30/2023,2023,11
20231201,12/1/2023,2023,12
20231202,12/2/2023,2023,12
20231203,12/3/2023,2023,12
20231204,12/4/2023,2023,12
20231205,12/5/2023,2023,12
20231206,12/6/2023,2023,12
20231207,12/7/2023,2023,12
20231208,12/8/2023,2023,12
20231209,12/9/2023,2023,12
20231210,12/10/2023,2023,12
20231211,12/11/2023,2023,12
20231212,12/12/2023,2023,12
20231213,12/13/2023,2023,12
20231214,12/14/2023,2023,12
20231215,12/15/2023,2023,12
20231216,12/16/2023,2023,12
20231217,12/17/2023,2023,12
20231218,12/18/2023,2023,12
20231219,12/19/2023,2023,12
20231220,12/20/2023,2023,12
20231221,12/21/2023,2023,12
20231222,12/22/2023,2023,12
20231223,12/23/2023,2023,12
20231224,12/24/2023,2023,12
20231225,12/25/2023,2023,12
20231226,12/26/2023,2023,12
20231227,12/27/2023,2023,12
20231228,12/28/2023,2023,12
20231229,12/29/2023,2023,12
20231230,12/30/2023,2023,12
20231231,12/31/2023,2023,12
20240101,1/1/2024,2024,1
20240102,1/2/2024,2024,1
20240103,1/3/2024,2024,1
20240104,1/4/2024,2024,1
20240105,1/5/2024,2024,1
20240106,1/6/2024,2024,1
20240107,1/7/2024,2024,1
20240108,1/8/2024,2024,1
20240109,1/9/2024,2024,1
20240110,1/10/2024,2024,1
20240111,1/11/2024,2024,1
20240112,1/12/2024,2024,1
20240113,1/13/2024,2024,1
20240114,1/14/2024,2024,1
20240115,1/15/2024,2024,1
20240116,1/16/2024,2024,1
20240117,1/17/2024,2024,1
20240118,1/18/2024,2024,1
20240119,1/19/2024,2024,1
20240120,1/20/2024,2024,1
20240121,1/21/2024,2024,1
20240122,1/22/2024,2024,1
20240123,1/23/2024,2024,1
20240124,1/24/2024,2024,1
20240125,1/25/2024,2024,1
20240126,1/26/2024,2024,1
20240127,1/27/2024,2024,1
20240128,1/28/2024,2024,1
20240129,1/29/2024,2024,1
20240130,1/30/2024,2024,1
20240131,1/31/2024,2024,1
20240201,2/1/2024,2024,2
20240202,2/2/2024,2024,2
20240203,2/3/2024,2024,2
20240204,2/4/2024,2024,2
20240205,2/5/2024,2024,2
20240206,2/6/2024,2024,2
20240207,2/7/2024,2024,2
20240208,2/8/2024,2024,2
20240209,2/9/2024,2024,2
20240210,2/10/2024,2024,2
20240211,2/11/2024,2024,2
20240212,2/12/2024,2024,2
20240213,2/13/2024,2024,2
20240214,2/14/2024,2024,2
20240215,2/15/2024,2024,2
20240216,2/16/2024,2024,2
20240217,2/17/2024,2024,2
20240218,2/18/2024,2024,2
20240219,2/19/2024,2024,2
20240220,2/20/2024,2024,2
20240221,2/21/2024,2024,2
20240222,2/22/2024,2024,2
20240223,2/23/2024,2024,2
20240224,2/24/2024,2024,2
20240225,2/25/2024,2024,2
20240226,2/26/2024,2024,2
20240227,2/27/2024,2024,2
20240228,2/28/2024,2024,2
20240229,2/29/2024,2024,2
20240301,3/1/2024,2024,3
20240302,3/2/2024,2024,3
20240303,3/3/2024,2024,3
20240304,3/4/2024,2024,3
20240305,3/5/2024,2024,3
20240306,3/6/2024,2024,3
20240307,3/7/2024,2024,3
20240308,3/8/2024,2024,3
20240309,3/9/2024,2024,3
20240310,3/10/2024,2024,3
20240311,3/11/2024,2024,3
20240312,3/12/2024,2024,3
20240313,3/13/2024,2024,3
20240314,3/14/2024,2024,3
20240315,3/15/2024,2024,3
20240316,3/16/2024,2024,3
20240317,3/17/2024,2024,3
20240318,3/18/2024,2024,3
20240319,3/19/2024,2024,3
20240320,3/20/2024,2024,3
20240321,3/21/2024,2024,3
20240322,3/22/2024,2024,3
20240323,3/23/2024,2024,3
20240324,3/24/2024,2024,3
20240325,3/25/2024,2024,3
20240326,3/26/2024,2024,3
20240327,3/27/2024,2024,3
20240328,3/28/2024,2024,3
20240329,3/29/2024,2024,3
20240330,3/30/2024,2024,3
20240331,3/31/2024,2024,3
20240401,4/1/2024,2024,4
20240402,4/2/2024,2024,4
20240403,4/3/2024,2024,4
20240404,4/4/2024,2024,4
20240405,4/5/2024,2024,4
20240406,4/6/2024,2024,4
20240407,4/7/2024,2024,4
20240408,4/8/2024,2024,4
20240409,4/9/2024,2024,4
20240410,4/10/2024,2024,4
20240411,4/11/2024,2024,4
20240412,4/12/2024,2024,4
20240413,4/13/2024,2024,4
20240414,4/14/2024,2024,4
20240415,4/15/2024,2024,4
20240416,4/16/2024,2024,4
20240417,4/17/2024,2024,4
20240418,4/18/2024,2024,4
20240419,4/19/2024,2024,4
20240420,4/20/2024,2024,4
20240421,4/21/2024,2024,4
20240422,4/22/2024,2024,4
20240423,4/23/2024,2024,4
20240424,4/24/2024,2024,4
20240425,4/25/2024,2024,4
20240426,4/26/2024,2024,4
20240427,4/27/2024,2024,4
20240428,4/28/2024,2024,4
20240429,4/29/2024,2024,4
20240430,4/30/2024,2024,4
20240501,5/1/2024,2024,5
20240502,5/2/2024,2024,5
20240503,5/3/2024,2024,5
20240504,5/4/2024,2024,5
20240505,5/5/2024,2024,5
20240506,5/6/2024,2024,5
20240507,5/7/2024,2024,5
20240508,5/8/2024,2024,5
20240509,5/9/2024,2024,5
20240510,5/10/2024,2024,5
20240511,5/11/2024,2024,5
20240512,5/12/2024,2024,5
20240513,5/13/2024,2024,5
20240514,5/14/2024,2024,5
20240515,5/15/2024,2024,5
20240516,5/16/2024,2024,5
20240517,5/17/2024,2024,5
20240518,5/18/2024,2024,5
20240519,5/19/2024,2024,5
20240520,5/20/2024,2024,5
20240521,5/21/2024,2024,5
20240522,5/22/2024,2024,5
20240523,5/23/2024,2024,5
20240524,5/24/2024,2024,5
20240525,5/25/2024,2024,5
20240526,5/26/2024,2024,5
20240527,5/27/2024,2024,5
20240528,5/28/2024,2024,5
20240529,5/29/2024,2024,5
20240530,5/30/2024,2024,5
20240531,5/31/2024,2024,5
20240601,6/1/2024,2024,6
20240602,6/2/2024,2024,6
20240603,6/3/2024,2024,6
20240604,6/4/2024,2024,6
20240605,6/5/2024,2024,6
20240606,6/6/2024,2024,6
20240607,6/7/2024,2024,6
20240608,6/8/2024,2024,6
20240609,6/9/2024,2024,6
20240610,6/10/2024,2024,6
20240611,6/11/2024,2024,6
20240612,6/12/2024,2024,6
20240613,6/13/2024,2024,6
20240614,6/14/2024,2024,6
20240615,6/15/2024,2024,6
20240616,6/16/2024,2024,6
20240617,6/17/2024,2024,6
20240618,6/18/2024,2024,6
20240619,6/19/2024,2024,6
20240620,6/20/2024,2024,6
20240621,6/21/2024,2024,6
20240622,6/22/2024,2024,6
20240623,6/23/2024,2024,6
20240624,6/24/2024,2024,6
20240625,6/25/2024,2024,6
20240626,6/26/2024,2024,6
20240627,6/27/2024,2024,6
20240628,6/28/2024,2024,6
20240629,6/29/2024,2024,6
20240630,6/30/2024,2024,6
20240701,7/1/2024,2024,7
20240702,7/2/2024,2024,7
20240703,7/3/2024,2024,7
20240704,7/4/2024,2024,7
20240705,7/5/2024,2024,7
20240706,7/6/2024,2024,7
20240707,7/7/2024,2024,7
20240708,7/8/2024,2024,7
20240709,7/9/2024,2024,7
20240710,7/10/2024,2024,7
20240711,7/11/2024,2024,7
20240712,7/12/2024,2024,7
20240713,7/13/2024,2024,7
20240714,7/14/2024,2024,7
20240715,7/15/2024,2024,7
20240716,7/16/2024,2024,7
20240717,7/17/2024,2024,7
20240718,7/18/2024,2024,7
20240719,7/19/2024,2024,7
20240720,7/20/2024,2024,7
20240721,7/21/2024,2024,7
20240722,7/22/2024,2024,7
20240723,7/23/2024,2024,7
20240724,7/24/2024,2024,7
20240725,7/25/2024,2024,7
20240726,7/26/2024,2024,7
20240727,7/27/2024,2024,7
20240728,7/28/2024,2024,7
20240729,7/29/2024,2024,7
20240730,7/30/2024,2024,7
20240731,7/31/2024,2024,7
20240801,8/1/2024,2024,8
20240802,8/2/2024,2024,8
20240803,8/3/2024,2024,8
20240804,8/4/2024,2024,8
20240805,8/5/2024,2024,8
20240806,8/6/2024,2024,8
20240807,8/7/2024,2024,8
20240808,8/8/2024,2024,8
20240809,8/9/2024,2024,8
20240810,8/10/2024,2024,8
20240811,8/11/2024,2024,8
20240812,8/12/2024,2024,8
20240813,8/13/2024,2024,8
20240814,8/14/2024,2024,8
20240815,8/15/2024,2024,8
20240816,8/16/2024,2024,8
20240817,8/17/2024,2024,8
20240818,8/18/2024,2024,8
20240819,8/19/2024,2024,8
20240820,8/20/2024,2024,8
20240821,8/21/2024,2024,8
20240822,8/22/2024,2024,8
20240823,8/23/2024,2024,8
20240824,8/24/2024,2024,8
20240825,8/25/2024,2024,8
20240826,8/26/2024,2024,8
20240827,8/27/2024,2024,8
20240828,8/28/2024,2024,8
20240829,8/29/2024,2024,8
20240830,8/30/2024,2024,8
20240831,8/31/2024,2024,8
20240901,9/1/2024,2024,9
20240902,9/2/2024,2024,9
20240903,9/3/2024,2024,9
20240904,9/4/2024,2024,9
20240905,9/5/2024,2024,9
20240906,9/6/2024,2024,9
20240907,9/7/2024,2024,9
20240908,9/8/2024,2024,9
20240909,9/9/2024,2024,9
20240910,9/10/2024,2024,9
20240911,9/11/2024,2024,9
20240912,9/12/2024,2024,9
20240913,9/13/2024,2024,9
20240914,9/14/2024,2024,9
20240915,9/15/2024,2024,9
20240916,9/16/2024,2024,9
20240917,9/17/2024,2024,9
20240918,9/18/2024,2024,9
20240919,9/19/2024,2024,9
20240920,9/20/2024,2024,9
20240921,9/21/2024,2024,9
20240922,9/22/2024,2024,9
20240923,9/23/2024,2024,9
20240924,9/24/2024,2024,9
20240925,9/25/2024,2024,9
20240926,9/26/2024,2024,9
20240927,9/27/2024,2024,9
20240928,9/28/2024,2024,9
20240929,9/29/2024,2024,9
20240930,9/30/2024,2024,9
20241001,10/1/2024,2024,10
20241002,10/2/2024,2024,10
20241003,10/3/2024,2024,10
20241004,10/4/2024,2024,10
20241005,10/5/2024,2024,10
20241006,10/6/2024,2024,10
20241007,10/7/2024,2024,10
20241008,10/8/2024,2024,10
20241009,10/9/2024,2024,10
20241010,10/10/2024,2024,10
20241011,10/11/2024,2024,10
20241012,10/12/2024,2024,10
20241013,10/13/2024,2024,10
20241014,10/14/2024,2024,10
20241015,10/15/2024,2024,10
20241016,10/16/2024,2024,10
20241017,10/17/2024,2024,10
20241018,10/18/2024,2024,10
20241019,10/19/2024,2024,10
20241020,10/20/2024,2024,10
20241021,10/21/2024,2024,10
20241022,10/22/2024,2024,10
20241023,10/23/2024,2024,10
20241024,10/24/2024,2024,10
20241025,10/25/2024,2024,10
20241026,10/26/2024,2024,10
20241027,10/27/2024,2024,10
20241028,10/28/2024,2024,10
20241029,10/29/2024,2024,10
20241030,10/30/2024,2024,10
20241031,10/31/2024,2024,10
20241101,11/1/2024,2024,11
20241102,11/2/2024,2024,11
20241103,11/3/2024,2024,11
20241104,11/4/2024,2024,11
20241105,11/5/2024,2024,11
20241106,11/6/2024,2024,11
20241107,11/7/2024,2024,11
20241108,11/8/2024,2024,11
20241109,11/9/2024,2024,11
20241110,11/10/2024,2024,11
20241111,11/11/2024,2024,11
20241112,11/12/2024,2024,11
20241113,11/13/2024,2024,11
20241114,11/14/2024,2024,11
20241115,11/15/2024,2024,11
20241116,11/16/2024,2024,11
20241117,11/17/2024,2024,11
20241118,11/18/2024,2024,11
20241119,11/19/2024,2024,11
20241120,11/20/2024,2024,11
20241121,11/21/2024,2024,11
20241122,11/22/2024,2024,11
20241123,11/23/2024,2024,11
20241124,11/24/2024,2024,11
20241125,11/25/2024,2024,11
20241126,11/26/2024,2024,11
20241127,11/27/2024,2024,11
20241128,11/28/2024,2024,11
20241129,11/29/2024,2024,11
20241130,11/30/2024,2024,11
20241201,12/1/2024,2024,12
20241202,12/2/2024,2024,12
20241203,12/3/2024,2024,12
20241204,12/4/2024,2024,12
20241205,12/5/2024,2024,12
20241206,12/6/2024,2024,12
20241207,12/7/2024,2024,12
20241208,12/8/2024,2024,12
20241209,12/9/2024,2024,12
20241210,12/10/2024,2024,12
20241211,12/11/2024,2024,12
20241212,12/12/2024,2024,12
20241213,12/13/2024,2024,12
20241214,12/14/2024,2024,12
20241215,12/15/2024,2024,12
20241216,12/16/2024,2024,12
20241217,12/17/2024,2024,12
20241218,12/18/2024,2024,12
20241219,12/19/2024,2024,12
20241220,12/20/2024,2024,12
20241221,12/21/2024,2024,12
20241222,12/22/2024,2024,12
20241223,12/23/2024,2024,12
20241224,12/24/2024,2024,12
20241225,12/25/2024,2024,12
20241226,12/26/2024,2024,12
20241227,12/27/2024,2024,12
20241228,12/28/2024,2024,12
20241229,12/29/2024,2024,12
20241230,12/30/2024,2024,12
20241231,12/31/2024,2024,12
20250101,1/1/2025,2025,1
20250102,1/2/2025,2025,1
20250103,1/3/2025,2025,1
20250104,1/4/2025,2025,1
20250105,1/5/2025,2025,1
20250106,1/6/2025,2025,1
20250107,1/7/2025,2025,1
20250108,1/8/2025,2025,1
20250109,1/9/2025,2025,1
20250110,1/10/2025,2025,1
20250111,1/11/2025,2025,1
20250112,1/12/2025,2025,1
20250113,1/13/2025,2025,1
20250114,1/14/2025,2025,1
20250115,1/15/2025,2025,1
20250116,1/16/2025,2025,1
20250117,1/17/2025,2025,1
20250118,1/18/2025,2025,1
20250119,1/19/2025,2025,1
20250120,1/20/2025,2025,1
20250121,1/21/2025,2025,1
20250122,1/22/2025,2025,1
20250123,1/23/2025,2025,1
20250124,1/24/2025,2025,1
20250125,1/25/2025,2025,1
20250126,1/26/2025,2025,1
20250127,1/27/2025,2025,1
20250128,1/28/2025,2025,1
20250129,1/29/2025,2025,1
20250130,1/30/2025,2025,1
20250131,1/31/2025,2025,1
20250201,2/1/2025,2025,2
20250202,2/2/2025,2025,2
20250203,2/3/2025,2025,2
20250204,2/4/2025,2025,2
20250205,2/5/2025,2025,2
20250206,2/6/2025,2025,2
20250207,2/7/2025,2025,2
20250208,2/8/2025,2025,2
20250209,2/9/2025,2025,2
20250210,2/10/2025,2025,2
20250211,2/11/2025,2025,2
20250212,2/12/2025,2025,2
20250213,2/13/2025,2025,2
20250214,2/14/2025,2025,2
20250215,2/15/2025,2025,2
20250216,2/16/2025,2025,2
20250217,2/17/2025,2025,2
20250218,2/18/2025,2025,2
20250219,2/19/2025,2025,2
20250220,2/20/2025,2025,2
20250221,2/21/2025,2025,2
20250222,2/22/2025,2025,2
20250223,2/23/2025,2025,2
20250224,2/24/2025,2025,2
20250225,2/25/2025,2025,2
20250226,2/26/2025,2025,2
20250227,2/27/2025,2025,2
20250228,2/28/2025,2025,2
20250301,3/1/2025,2025,3
20250302,3/2/2025,2025,3
20250303,3/3/2025,2025,3
20250304,3/4/2025,2025,3
20250305,3/5/2025,2025,3
20250306,3/6/2025,2025,3
20250307,3/7/2025,2025,3
20250308,3/8/2025,2025,3
20250309,3/9/2025,2025,3
20250310,3/10/2025,2025,3
20250311,3/11/2025,2025,3
20250312,3/12/2025,2025,3
20250313,3/13/2025,2025,3
20250314,3/14/2025,2025,3
20250315,3/15/2025,2025,3
20250316,3/16/2025,2025,3
20250317,3/17/2025,2025,3
20250318,3/18/2025,2025,3
20250319,3/19/2025,2025,3
20250320,3/20/2025,2025,3
20250321,3/21/2025,2025,3
20250322,3/22/2025,2025,3
20250323,3/23/2025,2025,3
20250324,3/24/2025,2025,3
20250325,3/25/2025,2025,3
20250326,3/26/2025,2025,3
20250327,3/27/2025,2025,3
20250328,3/28/2025,2025,3
20250329,3/29/2025,2025,3
20250330,3/30/2025,2025,3
20250331,3/31/2025,2025,3
20250401,4/1/2025,2025,4
20250402,4/2/2025,2025,4
20250403,4/3/2025,2025,4
20250404,4/4/2025,2025,4
20250405,4/5/2025,2025,4
20250406,4/6/2025,2025,4
20250407,4/7/2025,2025,4
20250408,4/8/2025,2025,4
20250409,4/9/2025,2025,4
20250410,4/10/2025,2025,4
20250411,4/11/2025,2025,4
20250412,4/12/2025,2025,4
20250413,4/13/2025,2025,4
20250414,4/14/2025,2025,4
20250415,4/15/2025,2025,4
20250416,4/16/2025,2025,4
20250417,4/17/2025,2025,4
20250418,4/18/2025,2025,4
20250419,4/19/2025,2025,4
20250420,4/20/2025,2025,4
20250421,4/21/2025,2025,4
20250422,4/22/2025,2025,4
20250423,4/23/2025,2025,4
20250424,4/24/2025,2025,4
20250425,4/25/2025,2025,4
20250426,4/26/2025,2025,4
20250427,4/27/2025,2025,4
20250428,4/28/2025,2025,4
20250429,4/29/2025,2025,4
20250430,4/30/2025,2025,4
20250501,5/1/2025,2025,5
20250502,5/2/2025,2025,5
20250503,5/3/2025,2025,5
20250504,5/4/2025,2025,5
20250505,5/5/2025,2025,5
20250506,5/6/2025,2025,5
20250507,5/7/2025,2025,5
20250508,5/8/2025,2025,5
20250509,5/9/2025,2025,5
20250510,5/10/2025,2025,5
20250511,5/11/2025,2025,5
20250512,5/12/2025,2025,5
20250513,5/13/2025,2025,5
20250514,5/14/2025,2025,5
20250515,5/15/2025,2025,5
20250516,5/16/2025,2025,5
20250517,5/17/2025,2025,5
20250518,5/18/2025,2025,5
20250519,5/19/2025,2025,5
20250520,5/20/2025,2025,5
20250521,5/21/2025,2025,5
20250522,5/22/2025,2025,5
20250523,5/23/2025,2025,5
20250524,5/24/2025,2025,5
20250525,5/25/2025,2025,5
20250526,5/26/2025,2025,5
20250527,5/27/2025,2025,5
20250528,5/28/2025,2025,5
20250529,5/29/2025,2025,5
20250530,5/30/2025,2025,5
20250531,5/31/2025,2025,5
20250601,6/1/2025,2025,6
20250602,6/2/2025,2025,6
20250603,6/3/2025,2025,6
20250604,6/4/2025,2025,6
20250605,6/5/2025,2025,6
20250606,6/6/2025,2025,6
20250607,6/7/2025,2025,6
20250608,6/8/2025,2025,6
20250609,6/9/2025,2025,6
20250610,6/10/2025,2025,6
20250611,6/11/2025,2025,6
20250612,6/12/2025,2025,6
20250613,6/13/2025,2025,6
20250614,6/14/2025,2025,6
20250615,6/15/2025,2025,6
20250616,6/16/2025,2025,6
20250617,6/17/2025,2025,6
20250618,6/18/2025,2025,6
20250619,6/19/2025,2025,6
20250620,6/20/2025,2025,6
20250621,6/21/2025,2025,6
20250622,6/22/2025,2025,6
20250623,6/23/2025,2025,6
20250624,6/24/2025,2025,6
20250625,6/25/2025,2025,6
20250626,6/26/2025,2025,6
20250627,6/27/2025,2025,6
20250628,6/28/2025,2025,6
20250629,6/29/2025,2025,6
20250630,6/30/2025,2025,6
20250701,7/1/2025,2025,7
20250702,7/2/2025,2025,7
20250703,7/3/2025,2025,7
20250704,7/4/2025,2025,7
20250705,7/5/2025,2025,7
20250706,7/6/2025,2025,7
20250707,7/7/2025,2025,7
20250708,7/8/2025,2025,7
20250709,7/9/2025,2025,7
20250710,7/10/2025,2025,7
20250711,7/11/2025,2025,7
20250712,7/12/2025,2025,7
20250713,7/13/2025,2025,7
20250714,7/14/2025,2025,7
20250715,7/15/2025,2025,7
20250716,7/16/2025,2025,7
20250717,7/17/2025,2025,7
20250718,7/18/2025,2025,7
20250719,7/19/2025,2025,7
20250720,7/20/2025,2025,7
20250721,7/21/2025,2025,7
20250722,7/22/2025,2025,7
20250723,7/23/2025,2025,7
20250724,7/24/2025,2025,7
20250725,7/25/2025,2025,7
20250726,7/26/2025,2025,7
20250727,7/27/2025,2025,7
20250728,7/28/2025,2025,7
20250729,7/29/2025,2025,7
20250730,7/30/2025,2025,7
20250731,7/31/2025,2025,7
20250801,8/1/2025,2025,8
20250802,8/2/2025,2025,8
20250803,8/3/2025,2025,8
20250804,8/4/2025,2025,8
20250805,8/5/2025,2025,8
20250806,8/6/2025,2025,8
20250807,8/7/2025,2025,8
20250808,8/8/2025,2025,8
20250809,8/9/2025,2025,8
20250810,8/10/2025,2025,8
20250811,8/11/2025,2025,8
20250812,8/12/2025,2025,8
20250813,8/13/2025,2025,8
20250814,8/14/2025,2025,8
20250815,8/15/2025,2025,8
20250816,8/16/2025,2025,8
20250817,8/17/2025,2025,8
20250818,8/18/2025,2025,8
20250819,8/19/2025,2025,8
20250820,8/20/2025,2025,8
20250821,8/21/2025,2025,8
20250822,8/22/2025,2025,8
20250823,8/23/2025,2025,8
20250824,8/24/2025,2025,8
20250825,8/25/2025,2025,8
20250826,8/26/2025,2025,8
20250827,8/27/2025,2025,8
20250828,8/28/2025,2025,8
20250829,8/29/2025,2025,8
20250830,8/30/2025,2025,8
20250831,8/31/2025,2025,8
20250901,9/1/2025,2025,9
20250902,9/2/2025,2025,9
20250903,9/3/2025,2025,9
20250904,9/4/2025,2025,9
20250905,9/5/2025,2025,9
20250906,9/6/2025,2025,9
20250907,9/7/2025,2025,9
20250908,9/8/2025,2025,9
20250909,9/9/2025,2025,9
20250910,9/10/2025,2025,9
20250911,9/11/2025,2025,9
20250912,9/12/2025,2025,9
20250913,9/13/2025,2025,9
20250914,9/14/2025,2025,9
20250915,9/15/2025,2025,9
20250916,9/16/2025,2025,9
20250917,9/17/2025,2025,9
20250918,9/18/2025,2025,9
20250919,9/19/2025,2025,9
20250920,9/20/2025,2025,9
20250921,9/21/2025,2025,9
20250922,9/22/2025,2025,9
20250923,9/23/2025,2025,9
20250924,9/24/2025,2025,9
20250925,9/25/2025,2025,9
20250926,9/26/2025,2025,9
20250927,9/27/2025,2025,9
20250928,9/28/2025,2025,9
20250929,9/29/2025,2025,9
20250930,9/30/2025,2025,9
20251001,10/1/2025,2025,10
20251002,10/2/2025,2025,10
20251003,10/3/2025,2025,10
20251004,10/4/2025,2025,10
20251005,10/5/2025,2025,10
20251006,10/6/2025,2025,10
20251007,10/7/2025,2025,10
20251008,10/8/2025,2025,10
20251009,10/9/2025,2025,10
20251010,10/10/2025,2025,10
20251011,10/11/2025,2025,10
20251012,10/12/2025,2025,10
20251013,10/13/2025,2025,10
20251014,10/14/2025,2025,10
20251015,10/15/2025,2025,10
20251016,10/16/2025,2025,10
20251017,10/17/2025,2025,10
20251018,10/18/2025,2025,10
20251019,10/19/2025,2025,10
20251020,10/20/2025,2025,10
20251021,10/21/2025,2025,10
20251022,10/22/2025,2025,10
20251023,10/23/2025,2025,10
20251024,10/24/2025,2025,10
20251025,10/25/2025,2025,10
20251026,10/26/2025,2025,10
20251027,10/27/2025,2025,10
20251028,10/28/2025,2025,10
20251029,10/29/2025,2025,10
20251030,10/30/2025,2025,10
20251031,10/31/2025,2025,10
20251101,11/1/2025,2025,11
20251102,11/2/2025,2025,11
20251103,11/3/2025,2025,11
20251104,11/4/2025,2025,11
20251105,11/5/2025,2025,11
20251106,11/6/2025,2025,11
20251107,11/7/2025,2025,11
20251108,11/8/2025,2025,11
20251109,11/9/2025,2025,11
20251110,11/10/2025,2025,11
20251111,11/11/2025,2025,11
20251112,11/12/2025,2025,11
20251113,11/13/2025,2025,11
20251114,11/14/2025,2025,11
20251115,11/15/2025,2025,11
20251116,11/16/2025,2025,11
20251117,11/17/2025,2025,11
20251118,11/18/2025,2025,11
20251119,11/19/2025,2025,11
20251120,11/20/2025,2025,11
20251121,11/21/2025,2025,11
20251122,11/22/2025,2025,11
20251123,11/23/2025,2025,11
20251124,11/24/2025,2025,11
20251125,11/25/2025,2025,11
20251126,11/26/2025,2025,11
20251127,11/27/2025,2025,11
20251128,11/28/2025,2025,11
20251129,11/29/2025,2025,11
20251130,11/30/2025,2025,11
20251201,12/1/2025,2025,12
20251202,12/2/2025,2025,12
20251203,12/3/2025,2025,12
20251204,12/4/2025,2025,12
20251205,12/5/2025,2025,12
20251206,12/6/2025,2025,12
20251207,12/7/2025,2025,12
20251208,12/8/2025,2025,12
20251209,12/9/2025,2025,12
20251210,12/10/2025,2025,12
20251211,12/11/2025,2025,12
20251212,12/12/2025,2025,12
20251213,12/13/2025,2025,12
20251214,12/14/2025,2025,12
20251215,12/15/2025,2025,12
20251216,12/16/2025,2025,12
20251217,12/17/2025,2025,12
20251218,12/18/2025,2025,12
20251219,12/19/2025,2025,12
20251220,12/20/2025,2025,12
20251221,12/21/2025,2025,12
20251222,12/22/2025,2025,12
20251223,12/23/2025,2025,12
20251224,12/24/2025,2025,12
20251225,12/25/2025,2025,12
20251226,12/26/2025,2025,12
20251227,12/27/2025,2025,12
20251228,12/28/2025,2025,12
20251229,12/29/2025,2025,12
20251230,12/30/2025,2025,12
20251231,12/31/2025,2025,12
20260101,1/1/2026,2026,1
20260102,1/2/2026,2026,1
20260103,1/3/2026,2026,1
20260104,1/4/2026,2026,1
20260105,1/5/2026,2026,1
20260106,1/6/2026,2026,1
20260107,1/7/2026,2026,1
20260108,1/8/2026,2026,1
20260109,1/9/2026,2026,1
20260110,1/10/2026,2026,1
20260111,1/11/2026,2026,1
20260112,1/12/2026,2026,1
20260113,1/13/2026,2026,1
20260114,1/14/2026,2026,1
20260115,1/15/2026,2026,1
20260116,1/16/2026,2026,1
20260117,1/17/2026,2026,1
20260118,1/18/2026,2026,1
20260119,1/19/2026,2026,1
20260120,1/20/2026,2026,1
20260121,1/21/2026,2026,1
20260122,1/22/2026,2026,1
20260123,1/23/2026,2026,1
20260124,1/24/2026,2026,1
20260125,1/25/2026,2026,1
20260126,1/26/2026,2026,1
20260127,1/27/2026,2026,1
20260128,1/28/2026,2026,1
20260129,1/29/2026,2026,1
20260130,1/30/2026,2026,1
20260131,1/31/2026,2026,1
20260201,2/1/2026,2026,2
20260202,2/2/2026,2026,2
20260203,2/3/2026,2026,2
20260204,2/4/2026,2026,2
20260205,2/5/2026,2026,2
20260206,2/6/2026,2026,2
20260207,2/7/2026,2026,2
20260208,2/8/2026,2026,2
20260209,2/9/2026,2026,2
20260210,2/10/2026,2026,2
20260211,2/11/2026,2026,2
20260212,2/12/2026,2026,2
20260213,2/13/2026,2026,2
20260214,2/14/2026,2026,2
20260215,2/15/2026,2026,2
20260216,2/16/2026,2026,2
20260217,2/17/2026,2026,2
20260218,2/18/2026,2026,2
20260219,2/19/2026,2026,2
20260220,2/20/2026,2026,2
20260221,2/21/2026,2026,2
20260222,2/22/2026,2026,2
20260223,2/23/2026,2026,2
20260224,2/24/2026,2026,2
20260225,2/25/2026,2026,2
20260226,2/26/2026,2026,2
20260227,2/27/2026,2026,2
20260228,2/28/2026,2026,2
20260301,3/1/2026,2026,3
20260302,3/2/2026,2026,3
20260303,3/3/2026,2026,3
20260304,3/4/2026,2026,3
20260305,3/5/2026,2026,3
20260306,3/6/2026,2026,3
20260307,3/7/2026,2026,3
20260308,3/8/2026,2026,3
20260309,3/9/2026,2026,3
20260310,3/10/2026,2026,3
20260311,3/11/2026,2026,3
20260312,3/12/2026,2026,3
20260313,3/13/2026,2026,3
20260314,3/14/2026,2026,3
20260315,3/15/2026,2026,3
20260316,3/16/2026,2026,3
20260317,3/17/2026,2026,3
20260318,3/18/2026,2026,3
20260319,3/19/2026,2026,3
20260320,3/20/2026,2026,3
20260321,3/21/2026,2026,3
20260322,3/22/2026,2026,3
20260323,3/23/2026,2026,3
20260324,3/24/2026,2026,3
20260325,3/25/2026,2026,3
20260326,3/26/2026,2026,3
20260327,3/27/2026,2026,3
20260328,3/28/2026,2026,3
20260329,3/29/2026,2026,3
20260330,3/30/2026,2026,3
20260331,3/31/2026,2026,3
20260401,4/1/2026,2026,4
20260402,4/2/2026,2026,4
20260403,4/3/2026,2026,4
20260404,4/4/2026,2026,4
20260405,4/5/2026,2026,4
20260406,4/6/2026,2026,4
20260407,4/7/2026,2026,4
20260408,4/8/2026,2026,4
20260409,4/9/2026,2026,4
20260410,4/10/2026,2026,4
20260411,4/11/2026,2026,4
20260412,4/12/2026,2026,4
20260413,4/13/2026,2026,4
20260414,4/14/2026,2026,4
20260415,4/15/2026,2026,4
20260416,4/16/2026,2026,4
20260417,4/17/2026,2026,4
20260418,4/18/2026,2026,4
20260419,4/19/2026,2026,4
20260420,4/20/2026,2026,4
20260421,4/21/2026,2026,4
20260422,4/22/2026,2026,4
20260423,4/23/2026,2026,4
20260424,4/24/2026,2026,4
20260425,4/25/2026,2026,4
20260426,4/26/2026,2026,4
20260427,4/27/2026,2026,4
20260428,4/28/2026,2026,4
20260429,4/29/2026,2026,4
20260430,4/30/2026,2026,4
20260501,5/1/2026,2026,5
20260502,5/2/2026,2026,5
20260503,5/3/2026,2026,5
20260504,5/4/2026,2026,5
20260505,5/5/2026,2026,5
20260506,5/6/2026,2026,5
20260507,5/7/2026,2026,5
20260508,5/8/2026,2026,5
20260509,5/9/2026,2026,5
20260510,5/10/2026,2026,5
20260511,5/11/2026,2026,5
20260512,5/12/2026,2026,5
20260513,5/13/2026,2026,5
20260514,5/14/2026,2026,5
20260515,5/15/2026,2026,5
20260516,5/16/2026,2026,5
20260517,5/17/2026,2026,5
20260518,5/18/2026,2026,5
20260519,5/19/2026,2026,5
20260520,5/20/2026,2026,5
20260521,5/21/2026,2026,5
20260522,5/22/2026,2026,5
20260523,5/23/2026,2026,5
20260524,5/24/2026,2026,5
20260525,5/25/2026,2026,5
20260526,5/26/2026,2026,5
20260527,5/27/2026,2026,5
20260528,5/28/2026,2026,5
20260529,5/29/2026,2026,5
20260530,5/30/2026,2026,5
20260531,5/31/2026,2026,5
20260601,6/1/2026,2026,6
20260602,6/2/2026,2026,6
20260603,6/3/2026,2026,6
20260604,6/4/2026,2026,6
20260605,6/5/2026,2026,6
20260606,6/6/2026,2026,6
20260607,6/7/2026,2026,6
20260608,6/8/2026,2026,6
20260609,6/9/2026,2026,6
20260610,6/10/2026,2026,6
20260611,6/11/2026,2026,6
20260612,6/12/2026,2026,6
20260613,6/13/2026,2026,6
20260614,6/14/2026,2026,6
20260615,6/15/2026,2026,6
20260616,6/16/2026,2026,6
20260617,6/17/2026,2026,6
20260618,6/18/2026,2026,6
20260619,6/19/2026,2026,6
20260620,6/20/2026,2026,6
20260621,6/21/2026,2026,6
20260622,6/22/2026,2026,6
20260623,6/23/2026,2026,6
20260624,6/24/2026,2026,6
20260625,6/25/2026,2026,6
20260626,6/26/2026,2026,6
20260627,6/27/2026,2026,6
20260628,6/28/2026,2026,6
20260629,6/29/2026,2026,6
20260630,6/30/2026,2026,6
20260701,7/1/2026,2026,7
20260702,7/2/2026,2026,7
20260703,7/3/2026,2026,7
20260704,7/4/2026,2026,7
20260705,7/5/2026,2026,7
20260706,7/6/2026,2026,7
20260707,7/7/2026,2026,7
20260708,7/8/2026,2026,7
20260709,7/9/2026,2026,7
20260710,7/10/2026,2026,7
20260711,7/11/2026,2026,7
20260712,7/12/2026,2026,7
20260713,7/13/2026,2026,7
20260714,7/14/2026,2026,7
20260715,7/15/2026,2026,7
20260716,7/16/2026,2026,7
20260717,7/17/2026,2026,7
20260718,7/18/2026,2026,7
20260719,7/19/2026,2026,7
20260720,7/20/2026,2026,7
20260721,7/21/2026,2026,7
20260722,7/22/2026,2026,7
20260723,7/23/2026,2026,7
20260724,7/24/2026,2026,7
20260725,7/25/2026,2026,7
20260726,7/26/2026,2026,7
20260727,7/27/2026,2026,7
20260728,7/28/2026,2026,7
20260729,7/29/2026,2026,7
20260730,7/30/2026,2026,7
20260731,7/31/2026,2026,7
20260801,8/1/2026,2026,8
20260802,8/2/2026,2026,8
20260803,8/3/2026,2026,8
20260804,8/4/2026,2026,8
20260805,8/5/2026,2026,8
20260806,8/6/2026,2026,8
20260807,8/7/2026,2026,8
20260808,8/8/2026,2026,8
20260809,8/9/2026,2026,8
20260810,8/10/2026,2026,8
20260811,8/11/2026,2026,8
20260812,8/12/2026,2026,8
20260813,8/13/2026,2026,8
20260814,8/14/2026,2026,8
20260815,8/15/2026,2026,8
20260816,8/16/2026,2026,8
20260817,8/17/2026,2026,8
20260818,8/18/2026,2026,8
20260819,8/19/2026,2026,8
20260820,8/20/2026,2026,8
20260821,8/21/2026,2026,8
20260822,8/22/2026,2026,8
20260823,8/23/2026,2026,8
20260824,8/24/2026,2026,8
20260825,8/25/2026,2026,8
20260826,8/26/2026,2026,8
20260827,8/27/2026,2026,8
20260828,8/28/2026,2026,8
20260829,8/29/2026,2026,8
20260830,8/30/2026,2026,8
20260831,8/31/2026,2026,8
20260901,9/1/2026,2026,9
20260902,9/2/2026,2026,9
20260903,9/3/2026,2026,9
20260904,9/4/2026,2026,9
20260905,9/5/2026,2026,9
20260906,9/6/2026,2026,9
20260907,9/7/2026,2026,9
20260908,9/8/2026,2026,9
20260909,9/9/2026,2026,9
20260910,9/10/2026,2026,9
20260911,9/11/2026,2026,9
20260912,9/12/2026,2026,9
20260913,9/13/2026,2026,9
20260914,9/14/2026,2026,9
20260915,9/15/2026,2026,9
20260916,9/16/2026,2026,9
20260917,9/17/2026,2026,9
20260918,9/18/2026,2026,9
20260919,9/19/2026,2026,9
20260920,9/20/2026,2026,9
20260921,9/21/2026,2026,9
20260922,9/22/2026,2026,9
20260923,9/23/2026,2026,9
20260924,9/24/2026,2026,9
20260925,9/25/2026,2026,9
20260926,9/26/2026,2026,9
20260927,9/27/2026,2026,9
20260928,9/28/2026,2026,9
20260929,9/29/2026,2026,9
20260930,9/30/2026,2026,9
20261001,10/1/2026,2026,10
20261002,10/2/2026,2026,10
20261003,10/3/2026,2026,10
20261004,10/4/2026,2026,10
20261005,10/5/2026,2026,10
20261006,10/6/2026,2026,10
20261007,10/7/2026,2026,10
20261008,10/8/2026,2026,10
20261009,10/9/2026,2026,10
20261010,10/10/2026,2026,10
20261011,10/11/2026,2026,10
20261012,10/12/2026,2026,10
20261013,10/13/2026,2026,10
20261014,10/14/2026,2026,10
20261015,10/15/2026,2026,10
20261016,10/16/2026,2026,10
20261017,10/17/2026,2026,10
20261018,10/18/2026,2026,10
20261019,10/19/2026,2026,10
20261020,10/20/2026,2026,10
20261021,10/21/2026,2026,10
20261022,10/22/2026,2026,10
20261023,10/23/2026,2026,10
20261024,10/24/2026,2026,10
20261025,10/25/2026,2026,10
20261026,10/26/2026,2026,10
20261027,10/27/2026,2026,10
20261028,10/28/2026,2026,10
20261029,10/29/2026,2026,10
20261030,10/30/2026,2026,10
20261031,10/31/2026,2026,10
20261101,11/1/2026,2026,11
20261102,11/2/2026,2026,11
20261103,11/3/2026,2026,11
20261104,11/4/2026,2026,11
20261105,11/5/2026,2026,11
20261106,11/6/2026,2026,11
20261107,11/7/2026,2026,11
20261108,11/8/2026,2026,11
20261109,11/9/2026,2026,11
20261110,11/10/2026,2026,11
20261111,11/11/2026,2026,11
20261112,11/12/2026,2026,11
20261113,11/13/2026,2026,11
20261114,11/14/2026,2026,11
20261115,11/15/2026,2026,11
20261116,11/16/2026,2026,11
20261117,11/17/2026,2026,11
20261118,11/18/2026,2026,11
20261119,11/19/2026,2026,11
20261120,11/20/2026,2026,11
20261121,11/21/2026,2026,11
20261122,11/22/2026,2026,11
20261123,11/23/2026,2026,11
20261124,11/24/2026,2026,11
20261125,11/25/2026,2026,11
20261126,11/26/2026,2026,11
20261127,11/27/2026,2026,11
20261128,11/28/2026,2026,11
20261129,11/29/2026,2026,11
20261130,11/30/2026,2026,11
20261201,12/1/2026,2026,12
20261202,12/2/2026,2026,12
20261203,12/3/2026,2026,12
20261204,12/4/2026,2026,12
20261205,12/5/2026,2026,12
20261206,12/6/2026,2026,12
20261207,12/7/2026,2026,12
20261208,12/8/2026,2026,12
20261209,12/9/2026,2026,12
20261210,12/10/2026,2026,12
20261211,12/11/2026,2026,12
20261212,12/12/2026,2026,12
20261213,12/13/2026,2026,12
20261214,12/14/2026,2026,12
20261215,12/15/2026,2026,12
20261216,12/16/2026,2026,12
20261217,12/17/2026,2026,12
20261218,12/18/2026,2026,12
20261219,12/19/2026,2026,12
20261220,12/20/2026,2026,12
20261221,12/21/2026,2026,12
20261222,12/22/2026,2026,12
20261223,12/23/2026,2026,12
20261224,12/24/2026,2026,12
20261225,12/25/2026,2026,12
20261226,12/26/2026,2026,12
20261227,12/27/2026,2026,12
20261228,12/28/2026,2026,12
20261229,12/29/2026,2026,12
20261230,12/30/2026,2026,12
20261231,12/31/2026,2026,12
20270101,1/1/2027,2027,1
20270102,1/2/2027,2027,1
20270103,1/3/2027,2027,1
20270104,1/4/2027,2027,1
20270105,1/5/2027,2027,1
20270106,1/6/2027,2027,1
20270107,1/7/2027,2027,1
20270108,1/8/2027,2027,1
20270109,1/9/2027,2027,1
20270110,1/10/2027,2027,1
20270111,1/11/2027,2027,1
20270112,1/12/2027,2027,1
20270113,1/13/2027,2027,1
20270114,1/14/2027,2027,1
20270115,1/15/2027,2027,1
20270116,1/16/2027,2027,1
20270117,1/17/2027,2027,1
20270118,1/18/2027,2027,1
20270119,1/19/2027,2027,1
20270120,1/20/2027,2027,1
20270121,1/21/2027,2027,1
20270122,1/22/2027,2027,1
20270123,1/23/2027,2027,1
20270124,1/24/2027,2027,1
20270125,1/25/2027,2027,1
20270126,1/26/2027,2027,1
20270127,1/27/2027,2027,1
20270128,1/28/2027,2027,1
20270129,1/29/2027,2027,1
20270130,1/30/2027,2027,1
20270131,1/31/2027,2027,1
20270201,2/1/2027,2027,2
20270202,2/2/2027,2027,2
20270203,2/3/2027,2027,2
20270204,2/4/2027,2027,2
20270205,2/5/2027,2027,2
20270206,2/6/2027,2027,2
20270207,2/7/2027,2027,2
20270208,2/8/2027,2027,2
20270209,2/9/2027,2027,2
20270210,2/10/2027,2027,2
20270211,2/11/2027,2027,2
20270212,2/12/2027,2027,2
20270213,2/13/2027,2027,2
20270214,2/14/2027,2027,2
20270215,2/15/2027,2027,2
20270216,2/16/2027,2027,2
20270217,2/17/2027,2027,2
20270218,2/18/2027,2027,2
20270219,2/19/2027,2027,2
20270220,2/20/2027,2027,2
20270221,2/21/2027,2027,2
20270222,2/22/2027,2027,2
20270223,2/23/2027,2027,2
20270224,2/24/2027,2027,2
20270225,2/25/2027,2027,2
20270226,2/26/2027,2027,2
20270227,2/27/2027,2027,2
20270228,2/28/2027,2027,2
20270301,3/1/2027,2027,3
20270302,3/2/2027,2027,3
20270303,3/3/2027,2027,3
20270304,3/4/2027,2027,3
20270305,3/5/2027,2027,3
20270306,3/6/2027,2027,3
20270307,3/7/2027,2027,3
20270308,3/8/2027,2027,3
20270309,3/9/2027,2027,3
20270310,3/10/2027,2027,3
20270311,3/11/2027,2027,3
20270312,3/12/2027,2027,3
20270313,3/13/2027,2027,3
20270314,3/14/2027,2027,3
20270315,3/15/2027,2027,3
20270316,3/16/2027,2027,3
20270317,3/17/2027,2027,3
20270318,3/18/2027,2027,3
20270319,3/19/2027,2027,3
20270320,3/20/2027,2027,3
20270321,3/21/2027,2027,3
20270322,3/22/2027,2027,3
20270323,3/23/2027,2027,3
20270324,3/24/2027,2027,3
20270325,3/25/2027,2027,3
20270326,3/26/2027,2027,3
20270327,3/27/2027,2027,3
20270328,3/28/2027,2027,3
20270329,3/29/2027,2027,3
20270330,3/30/2027,2027,3
20270331,3/31/2027,2027,3
20270401,4/1/2027,2027,4
20270402,4/2/2027,2027,4
20270403,4/3/2027,2027,4
20270404,4/4/2027,2027,4
20270405,4/5/2027,2027,4
20270406,4/6/2027,2027,4
20270407,4/7/2027,2027,4
20270408,4/8/2027,2027,4
20270409,4/9/2027,2027,4
20270410,4/10/2027,2027,4
20270411,4/11/2027,2027,4
20270412,4/12/2027,2027,4
20270413,4/13/2027,2027,4
20270414,4/14/2027,2027,4
20270415,4/15/2027,2027,4
20270416,4/16/2027,2027,4
20270417,4/17/2027,2027,4
20270418,4/18/2027,2027,4
20270419,4/19/2027,2027,4
20270420,4/20/2027,2027,4
20270421,4/21/2027,2027,4
20270422,4/22/2027,2027,4
20270423,4/23/2027,2027,4
20270424,4/24/2027,2027,4
20270425,4/25/2027,2027,4
20270426,4/26/2027,2027,4
20270427,4/27/2027,2027,4
20270428,4/28/2027,2027,4
20270429,4/29/2027,2027,4
20270430,4/30/2027,2027,4
20270501,5/1/2027,2027,5
20270502,5/2/2027,2027,5
20270503,5/3/2027,2027,5
20270504,5/4/2027,2027,5
20270505,5/5/2027,2027,5
20270506,5/6/2027,2027,5
20270507,5/7/2027,2027,5
20270508,5/8/2027,2027,5
20270509,5/9/2027,2027,5
20270510,5/10/2027,2027,5
20270511,5/11/2027,2027,5
20270512,5/12/2027,2027,5
20270513,5/13/2027,2027,5
20270514,5/14/2027,2027,5
20270515,5/15/2027,2027,5
20270516,5/16/2027,2027,5
20270517,5/17/2027,2027,5
20270518,5/18/2027,2027,5
20270519,5/19/2027,2027,5
20270520,5/20/2027,2027,5
20270521,5/21/2027,2027,5
20270522,5/22/2027,2027,5
20270523,5/23/2027,2027,5
20270524,5/24/2027,2027,5
20270525,5/25/2027,2027,5
20270526,5/26/2027,2027,5
20270527,5/27/2027,2027,5
20270528,5/28/2027,2027,5
20270529,5/29/2027,2027,5
20270530,5/30/2027,2027,5
20270531,5/31/2027,2027,5
20270601,6/1/2027,2027,6
20270602,6/2/2027,2027,6
20270603,6/3/2027,2027,6
20270604,6/4/2027,2027,6
20270605,6/5/2027,2027,6
20270606,6/6/2027,2027,6
20270607,6/7/2027,2027,6
20270608,6/8/2027,2027,6
20270609,6/9/2027,2027,6
20270610,6/10/2027,2027,6
20270611,6/11/2027,2027,6
20270612,6/12/2027,2027,6
20270613,6/13/2027,2027,6
20270614,6/14/2027,2027,6
20270615,6/15/2027,2027,6
20270616,6/16/2027,2027,6
20270617,6/17/2027,2027,6
20270618,6/18/2027,2027,6
20270619,6/19/2027,2027,6
20270620,6/20/2027,2027,6
20270621,6/21/2027,2027,6
20270622,6/22/2027,2027,6
20270623,6/23/2027,2027,6
20270624,6/24/2027,2027,6
20270625,6/25/2027,2027,6
20270626,6/26/2027,2027,6
20270627,6/27/2027,2027,6
20270628,6/28/2027,2027,6
20270629,6/29/2027,2027,6
20270630,6/30/2027,2027,6
20270701,7/1/2027,2027,7
20270702,7/2/2027,2027,7
20270703,7/3/2027,2027,7
20270704,7/4/2027,2027,7
20270705,7/5/2027,2027,7
20270706,7/6/2027,2027,7
20270707,7/7/2027,2027,7
20270708,7/8/2027,2027,7
20270709,7/9/2027,2027,7
20270710,7/10/2027,2027,7
20270711,7/11/2027,2027,7
20270712,7/12/2027,2027,7
20270713,7/13/2027,2027,7
20270714,7/14/2027,2027,7
20270715,7/15/2027,2027,7
20270716,7/16/2027,2027,7
20270717,7/17/2027,2027,7
20270718,7/18/2027,2027,7
20270719,7/19/2027,2027,7
20270720,7/20/2027,2027,7
20270721,7/21/2027,2027,7
20270722,7/22/2027,2027,7
20270723,7/23/2027,2027,7
20270724,7/24/2027,2027,7
20270725,7/25/2027,2027,7
20270726,7/26/2027,2027,7
20270727,7/27/2027,2027,7
20270728,7/28/2027,2027,7
20270729,7/29/2027,2027,7
20270730,7/30/2027,2027,7
20270731,7/31/2027,2027,7
20270801,8/1/2027,2027,8
20270802,8/2/2027,2027,8
20270803,8/3/2027,2027,8
20270804,8/4/2027,2027,8
20270805,8/5/2027,2027,8
20270806,8/6/2027,2027,8
20270807,8/7/2027,2027,8
20270808,8/8/2027,2027,8
20270809,8/9/2027,2027,8
20270810,8/10/2027,2027,8
20270811,8/11/2027,2027,8
20270812,8/12/2027,2027,8
20270813,8/13/2027,2027,8
20270814,8/14/2027,2027,8
20270815,8/15/2027,2027,8
20270816,8/16/2027,2027,8
20270817,8/17/2027,2027,8
20270818,8/18/2027,2027,8
20270819,8/19/2027,2027,8
20270820,8/20/2027,2027,8
20270821,8/21/2027,2027,8
20270822,8/22/2027,2027,8
20270823,8/23/2027,2027,8
20270824,8/24/2027,2027,8
20270825,8/25/2027,2027,8
20270826,8/26/2027,2027,8
20270827,8/27/2027,2027,8
20270828,8/28/2027,2027,8
20270829,8/29/2027,2027,8
20270830,8/30/2027,2027,8
20270831,8/31/2027,2027,8
20270901,9/1/2027,2027,9
20270902,9/2/2027,2027,9
20270903,9/3/2027,2027,9
20270904,9/4/2027,2027,9
20270905,9/5/2027,2027,9
20270906,9/6/2027,2027,9
20270907,9/7/2027,2027,9
20270908,9/8/2027,2027,9
20270909,9/9/2027,2027,9
20270910,9/10/2027,2027,9
20270911,9/11/2027,2027,9
20270912,9/12/2027,2027,9
20270913,9/13/2027,2027,9
20270914,9/14/2027,2027,9
20270915,9/15/2027,2027,9
20270916,9/16/2027,2027,9
20270917,9/17/2027,2027,9
20270918,9/18/2027,2027,9
20270919,9/19/2027,2027,9
20270920,9/20/2027,2027,9
20270921,9/21/2027,2027,9
20270922,9/22/2027,2027,9
20270923,9/23/2027,2027,9
20270924,9/24/2027,2027,9
20270925,9/25/2027,2027,9
20270926,9/26/2027,2027,9
20270927,9/27/2027,2027,9
20270928,9/28/2027,2027,9
20270929,9/29/2027,2027,9
20270930,9/30/2027,2027,9
20271001,10/1/2027,2027,10
20271002,10/2/2027,2027,10
20271003,10/3/2027,2027,10
20271004,10/4/2027,2027,10
20271005,10/5/2027,2027,10
20271006,10/6/2027,2027,10
20271007,10/7/2027,2027,10
20271008,10/8/2027,2027,10
20271009,10/9/2027,2027,10
20271010,10/10/2027,2027,10
20271011,10/11/2027,2027,10
20271012,10/12/2027,2027,10
20271013,10/13/2027,2027,10
20271014,10/14/2027,2027,10
20271015,10/15/2027,2027,10
20271016,10/16/2027,2027,10
20271017,10/17/2027,2027,10
20271018,10/18/2027,2027,10
20271019,10/19/2027,2027,10
20271020,10/20/2027,2027,10
20271021,10/21/2027,2027,10
20271022,10/22/2027,2027,10
20271023,10/23/2027,2027,10
20271024,10/24/2027,2027,10
20271025,10/25/2027,2027,10
20271026,10/26/2027,2027,10
20271027,10/27/2027,2027,10
20271028,10/28/2027,2027,10
20271029,10/29/2027,2027,10
20271030,10/30/2027,2027,10
20271031,10/31/2027,2027,10
20271101,11/1/2027,2027,11
20271102,11/2/2027,2027,11
20271103,11/3/2027,2027,11
20271104,11/4/2027,2027,11
20271105,11/5/2027,2027,11
20271106,11/6/2027,2027,11
20271107,11/7/2027,2027,11
20271108,11/8/2027,2027,11
20271109,11/9/2027,2027,11
20271110,11/10/2027,2027,11
20271111,11/11/2027,2027,11
20271112,11/12/2027,2027,11
20271113,11/13/2027,2027,11
20271114,11/14/2027,2027,11
20271115,11/15/2027,2027,11
20271116,11/16/2027,2027,11
20271117,11/17/2027,2027,11
20271118,11/18/2027,2027,11
20271119,11/19/2027,2027,11
20271120,11/20/2027,2027,11
20271121,11/21/2027,2027,11
20271122,11/22/2027,2027,11
20271123,11/23/2027,2027,11
20271124,11/24/2027,2027,11
20271125,11/25/2027,2027,11
20271126,11/26/2027,2027,11
20271127,11/27/2027,2027,11
20271128,11/28/2027,2027,11
20271129,11/29/2027,2027,11
20271130,11/30/2027,2027,11
20271201,12/1/2027,2027,12
20271202,12/2/2027,2027,12
20271203,12/3/2027,2027,12
20271204,12/4/2027,2027,12
20271205,12/5/2027,2027,12
20271206,12/6/2027,2027,12
20271207,12/7/2027,2027,12
20271208,12/8/2027,2027,12
20271209,12/9/2027,2027,12
20271210,12/10/2027,2027,12
20271211,12/11/2027,2027,12
20271212,12/12/2027,2027,12
20271213,12/13/2027,2027,12
20271214,12/14/2027,2027,12
20271215,12/15/2027,2027,12
20271216,12/16/2027,2027,12
20271217,12/17/2027,2027,12
20271218,12/18/2027,2027,12
20271219,12/19/2027,2027,12
20271220,12/20/2027,2027,12
20271221,12/21/2027,2027,12
20271222,12/22/2027,2027,12
20271223,12/23/2027,2027,12
20271224,12/24/2027,2027,12
20271225,12/25/2027,2027,12
20271226,12/26/2027,2027,12
20271227,12/27/2027,2027,12
20271228,12/28/2027,2027,12
20271229,12/29/2027,2027,12
20271230,12/30/2027,2027,12
20271231,12/31/2027,2027,12
20280101,1/1/2028,2028,1
20280102,1/2/2028,2028,1
20280103,1/3/2028,2028,1
20280104,1/4/2028,2028,1
20280105,1/5/2028,2028,1
20280106,1/6/2028,2028,1
20280107,1/7/2028,2028,1
20280108,1/8/2028,2028,1
20280109,1/9/2028,2028,1
20280110,1/10/2028,2028,1
20280111,1/11/2028,2028,1
20280112,1/12/2028,2028,1
20280113,1/13/2028,2028,1
20280114,1/14/2028,2028,1
20280115,1/15/2028,2028,1
20280116,1/16/2028,2028,1
20280117,1/17/2028,2028,1
20280118,1/18/2028,2028,1
20280119,1/19/2028,2028,1
20280120,1/20/2028,2028,1
20280121,1/21/2028,2028,1
20280122,1/22/2028,2028,1
20280123,1/23/2028,2028,1
20280124,1/24/2028,2028,1
20280125,1/25/2028,2028,1
20280126,1/26/2028,2028,1
20280127,1/27/2028,2028,1
20280128,1/28/2028,2028,1
20280129,1/29/2028,2028,1
20280130,1/30/2028,2028,1
20280131,1/31/2028,2028,1
20280201,2/1/2028,2028,2
20280202,2/2/2028,2028,2
20280203,2/3/2028,2028,2
20280204,2/4/2028,2028,2
20280205,2/5/2028,2028,2
20280206,2/6/2028,2028,2
20280207,2/7/2028,2028,2
20280208,2/8/2028,2028,2
20280209,2/9/2028,2028,2
20280210,2/10/2028,2028,2
20280211,2/11/2028,2028,2
20280212,2/12/2028,2028,2
20280213,2/13/2028,2028,2
20280214,2/14/2028,2028,2
20280215,2/15/2028,2028,2
20280216,2/16/2028,2028,2
20280217,2/17/2028,2028,2
20280218,2/18/2028,2028,2
20280219,2/19/2028,2028,2
20280220,2/20/2028,2028,2
20280221,2/21/2028,2028,2
20280222,2/22/2028,2028,2
20280223,2/23/2028,2028,2
20280224,2/24/2028,2028,2
20280225,2/25/2028,2028,2
20280226,2/26/2028,2028,2
20280227,2/27/2028,2028,2
20280228,2/28/2028,2028,2
20280229,2/29/2028,2028,2
20280301,3/1/2028,2028,3
20280302,3/2/2028,2028,3
20280303,3/3/2028,2028,3
20280304,3/4/2028,2028,3
20280305,3/5/2028,2028,3
20280306,3/6/2028,2028,3
20280307,3/7/2028,2028,3
20280308,3/8/2028,2028,3
20280309,3/9/2028,2028,3
20280310,3/10/2028,2028,3
20280311,3/11/2028,2028,3
20280312,3/12/2028,2028,3
20280313,3/13/2028,2028,3
20280314,3/14/2028,2028,3
20280315,3/15/2028,2028,3
20280316,3/16/2028,2028,3
20280317,3/17/2028,2028,3
20280318,3/18/2028,2028,3
